original_doi,concern_date,concern_notice_doi,publisher,days_to_retraction,resolved_within_5y,in_mature_cohort
10.3127/ajis.v9i2.202,2002-05-01,10.3127/ajis.v9i2.202,Australasian Association for Information Systems,,0,1
10.1002/1521-4095(200010)12:20%3c1539::aid-adma1539%3e3.0.co;2-s,2003-03-17,10.1002/adma.200390130,Wiley,,0,1
10.1097/00002030-200005050-00009,2003-05-23,10.1097/00002030-200305230-00001,Lippincott Williams and Wilkins,364,1,1
10.1161/01.res.77.1.121,2003-11-14,,American Heart Association,55,1,1
10.1111/j.1533-2500.2005.05105.x,2005-05-17,10.1111/j.1533-2500.2005.05211.x,Wiley,,0,1
10.1016/s0140-6736(02)11472-3,2005-07-30,10.1016/s0140-6736(05)67006-7,Elsevier,,0,1
10.1634/stemcells.22-6-950,2005-12-23,10.1634/stemcells.2005-0656,Wiley,100,1,1
10.1126/science.1094515,2006-01-06,10.1126/science.1124185,American Association for the Advancement of Science (AAAS),14,1,1
10.1126/science.1112286,2006-01-06,10.1126/science.1124185,American Association for the Advancement of Science (AAAS),14,1,1
10.1016/s0140-6736(05)67488-0,2006-01-21,10.1016/s0140-6736(06)68014-8,Elsevier,14,1,1
10.1126/science.1112869,2008-03-07,10.1126/science.1157223,American Association for the Advancement of Science (AAAS),413,1,1
10.1161/circresaha.108.175190,2008-09-12,10.1161/circresaha.108.184358,American Heart Association,363,1,1
10.1182/blood-2008-01-133710,2008-10-14,unavailable,American Society of Hematology,1220,1,1
10.1484/j.quaestio.1.100071,2009-01-01,10.5555/j.quaestio.6.78018881010204000008030507080778,Brepols Publishers,,0,1
10.1126/science.1174094,2010-01-08,10.1126/science.1186078,American Association for the Advancement of Science (AAAS),308,1,1
10.1073/pnas.0506877103,2010-04-06,10.1073/pnas.1003210107,National Academy of Sciences (NAS),3012,0,1
10.1073/pnas.0400744101,2010-04-06,10.1073/pnas.1003210107,National Academy of Sciences (NAS),3012,0,1
10.1016/s1470-2045(07)70345-5,2010-07-26,10.1016/s1470-2045(10)70185-6,Elsevier,190,1,1
10.1108/15736101011080114,2010-09-24,10.1108/15736101011080114,Emerald,4099,0,1
10.1002/pssa.2211010245,2010-10-11,10.1002/pssa.201070001,Wiley,,0,1
10.1126/science.1190532,2010-11-12,10.1126/science.330.6006.912-b,American Association for the Advancement of Science (AAAS),252,1,1
10.1096/fj.03-0311fje,2011-05-09,10.1096/fj.03-0311fjenoc,Federation of American Societies for Experimental Biology,1027,1,1
10.1126/science.1179052,2011-05-31,10.1126/science.1208542,American Association for the Advancement of Science (AAAS),206,1,1
10.1126/science.1197258,2011-06-03,10.1126/science.1208877,American Association for the Advancement of Science (AAAS),5165,0,1
10.1113/expphysiol.2004.029371,2011-06-03,10.1113/expphysiol.2011.059618,Wiley,34,1,1
10.1113/jphysiol.2004.077610,2011-06-29,10.1113/jphysiol.2011.212852,Wiley,1,1,1
10.1002/bies.20380,2011-07-19,10.1002/bies.201190038,Wiley,,0,1
10.1126/science.1188635,2011-10-03,10.1126/science.1214735,American Association for the Advancement of Science (AAAS),662,1,1
10.1007/s00101-010-1734-6,2011-12-01,10.1007/s00101-011-1965-1,Springer,,0,1
10.2320/matertrans1989.41.1511,2012-02-01,10.2320/matertrans.eam2011603,The Japan Institute of Metals and Materials,2609,0,1
10.1007/bf03015095,2012-03-13,unavailable,Springer,,0,1
10.1007/bf03018925,2012-03-13,unavailable,Springer,,0,1
10.1007/bf03019382,2012-03-13,unavailable,Springer,,0,1
10.1007/bf03013554,2012-03-13,unavailable,Springer,,0,1
10.1007/bf03009049,2012-03-13,unavailable,Springer,,0,1
10.1007/bf03009906,2012-03-13,unavailable,Springer,259,1,1
10.1007/bf03013138,2012-03-13,unavailable,Springer,410,1,1
10.1007/bf03012704,2012-03-13,unavailable,Springer,413,1,1
10.1007/bf03015365,2012-03-13,unavailable,Springer,253,1,1
10.1007/bf03011030,2012-03-13,unavailable,Springer,254,1,1
10.1007/bf03013255,2012-03-13,unavailable,Springer,417,1,1
10.1007/bf03013157,2012-03-13,unavailable,Springer,417,1,1
10.1007/bf03018390,2012-03-13,unavailable,Springer,408,1,1
10.1007/bf03018498,2012-03-13,unavailable,Springer,408,1,1
10.1007/bf03011585,2012-03-13,unavailable,Springer,259,1,1
10.1007/bf03009869,2012-03-13,unavailable,Springer,259,1,1
10.1007/bf03017425,2012-03-13,unavailable,Springer,410,1,1
10.1007/bf03015482,2012-03-13,unavailable,Springer,259,1,1
10.1007/bf03015955,2012-03-13,unavailable,Springer,259,1,1
10.1007/bf03014460,2012-03-13,unavailable,Springer,284,1,1
10.1007/bf03011936,2012-03-13,unavailable,Springer,253,1,1
10.1007/bf03013430,2012-03-13,unavailable,Springer,254,1,1
10.1007/bf03011177,2012-03-13,unavailable,Springer,259,1,1
10.1007/bf03017947,2012-03-13,unavailable,Springer,254,1,1
10.1007/bf03019488,2012-03-13,unavailable,Springer,410,1,1
10.1007/bf03012299,2012-03-13,unavailable,Springer,413,1,1
10.1007/bf03019875,2012-03-13,unavailable,Springer,409,1,1
10.1007/bf03009517,2012-03-13,unavailable,Springer,259,1,1
10.1007/bf03013130,2012-03-13,unavailable,Springer,410,1,1
10.1007/bf03010568,2012-03-13,unavailable,Springer,259,1,1
10.1007/bf03019230,2012-03-13,unavailable,Springer,417,1,1
10.1007/bf03013260,2012-03-13,unavailable,Springer,421,1,1
10.1007/bf03016073,2012-03-13,unavailable,Springer,406,1,1
10.1007/bf03011834,2012-03-13,unavailable,Springer,254,1,1
10.1007/bf03011250,2012-03-13,unavailable,Springer,254,1,1
10.1007/bf03010577,2012-03-13,unavailable,Springer,259,1,1
10.1007/bf03016525,2012-03-13,unavailable,Springer,400,1,1
10.1007/bf03019810,2012-03-13,unavailable,Springer,1199,1,1
10.1161/01.res.88.1.22,2012-03-14,10.1161/res.0b013e31829b5cca,American Heart Association,449,1,1
10.1098/rspb.2010.1227,2012-08-22,10.1098/rspb.2012.1898,Royal Society Publishing,1120,1,1
10.1590/s0482-50042011000600005,2012-10-01,10.1590/s0482-50042012000500002,Elsevier,608,1,1
10.1038/srep00537,2012-10-18,10.1038/srep00777,Springer - Nature Publishing Group,22,1,1
10.1038/srep00280,2012-10-18,10.1038/srep00776,Nature Publishing Group,22,1,1
10.1177/0310057x9902700109,2012-11-01,unavailable,Australian Society of Anaesthetists,120,1,1
10.1098/rsbl.2010.1204,2012-12-23,10.1098/rsbl.2012.0777,Royal Society Publishing,26,1,1
10.1371/journal.pone.0053540,2013-01-04,10.1371/journal.pone.0278798,PLoS,,0,1
10.1002/1098-1136(200012)32:3%3c247::aid-glia50%3e3.0.co;2-t,2013-01-30,10.1002/glia.22466,Wiley,1741,1,1
10.1007/bf03012096,2013-02-15,unavailable,Springer,74,1,1
10.1182/blood-2008-04-151944,2013-05-02,10.1182/blood-2013-03-494401,American Society of Hematology,,0,1
10.1182/blood-2007-03-079616,2013-05-02,10.1182/blood-2013-03-494385,American Society of Hematology,,0,1
10.1111/j.1468-0106.2009.00431.x,2013-05-13,10.1111/1468-0106.12024,Wiley,,0,1
10.1128/mcb.00884-08,2013-06-01,10.1128/mcb.00356-13,American Society for Microbiology,273,1,1
10.1128/mcb.00813-07,2013-06-01,10.1128/mcb.00356-13,American Society for Microbiology,273,1,1
10.1128/mcb.00409-07,2013-06-01,10.1128/mcb.00356-13,American Society for Microbiology,273,1,1
10.1016/j.immuni.2012.09.013,2013-06-25,10.1016/j.immuni.2013.06.016,Elsevier,359,1,1
10.1016/j.cardfail.2009.06.002,2013-07-05,10.1016/j.cardfail.2013.05.015,Elsevier,,0,1
10.1021/nn103585f,2013-08-27,unavailable,American Chemical Society (ACS),433,1,1
10.2106/jbjs.j.00781,2013-11-20,10.2106/jbjs.m.01269,Wolters Kluwer - Lippincott Williams & Wilkins,511,1,1
10.1111/j.1469-7580.2010.01257.x,2013-11-20,10.1111/joa.12149,Wiley,537,1,1
10.1259/bjr/11253478,2014-01-17,10.1259/bjr.20139007,British Institute of Radiology,,0,1
10.1111/j.1365-2249.2009.03982.x,2014-02-04,10.1111/cei.12257,Wiley,111,1,1
10.1007/s12200-012-0275-9,2014-03-01,10.1007/s12200-014-0385-7,Springer,,0,1
10.1016/s0140-6736(11)61590-0,2014-04-12,10.1016/s0140-6736(14)60608-5,Elsevier,1797,1,1
10.1007/s11368-013-0802-3,2014-04-15,10.1007/s11368-014-0898-0,Springer,1794,1,1
10.1172/jci60214,2014-05-08,10.1172/jci76888,American Society for Clinical Investigation,1120,1,1
10.1177/0002764203260208,2014-05-28,10.1177/0002764214537204,SAGE Publications,,0,1
10.1016/j.jaad.2011.12.014,2014-06-26,10.1016/j.jaad.2014.06.027,Elsevier,,0,1
10.1126/science.1207934,2014-06-27,10.1126/science.347.6224.834-a,American Association for the Advancement of Science (AAAS),238,1,1
10.1098/rsif.2011.0323,2014-07-16,10.1098/rsif.2014.0700,Royal Society Publishing,82,1,1
10.1016/s2213-2600(14)70125-0,2014-10-13,10.1016/s2213-2600(14)70235-8,Elsevier,111,1,1
10.1016/j.exphem.2014.10.010,2014-10-28,,Elsevier,,0,1
10.1164/rccm.200903-0324oc,2014-11-15,10.1164/rccm.190101200,American Thoracic Society,443,1,1
10.1164/rccm.200803-380oc,2014-11-15,10.1164/rccm.190101200,American Thoracic Society,443,1,1
10.1039/c2sc20639k,2014-11-25,10.1039/c4sc90048k,Royal Society of Chemistry (RSC),147,1,1
10.1371/journal.pgen.0040011,2015-01-07,10.1371/journal.pgen.0040011,PLoS,,0,1
10.1080/13629387.2012.752603,2015-01-19,10.1080/13629387.2015.1008234,Taylor and Francis,85,1,1
10.1126/science.1095678,2015-01-22,10.1126/science.351.6271.348-a,American Association for the Advancement of Science (AAAS),379,1,1
10.1016/j.accinf.2007.05.001,2015-01-23,10.1016/j.accinf.2014.12.001,Elsevier,282,1,1
10.3389/fpubh.2014.00154,2015-02-13,10.3389/fpubh.2015.00037,Frontiers,1719,1,1
10.1161/01.cir.0000027583.73268.e7,2015-02-17,10.1161/cir.0000000000000186,American Heart Association,,0,1
10.1021/la205132x,2015-02-18,unavailable,American Chemical Society (ACS),783,1,1
10.2337/db09-1907,2015-02-24,10.2337/db15-ec03,American Diabetes Association,394,1,1
10.2337/db06-1595,2015-02-24,10.2337/db15-ec03,American Diabetes Association,394,1,1
10.2337/db05-1622,2015-02-24,10.2337/db15-ec03,American Diabetes Association,394,1,1
10.2337/diab.46.12.1950,2015-02-24,10.2337/db15-ec03,American Diabetes Association,394,1,1
10.1016/j.obhdp.2010.11.002,2015-03-01,10.1016/j.obhdp.2015.04.004,Elsevier,,0,1
10.1001/archophthalmol.2011.39,2015-03-05,10.1001/jamaophthalmol.2015.0631,JAMA Network,,0,1
10.1164/rccm.201109-1671oc,2015-04-01,10.1164/rccm.1917eoc,American Thoracic Society,105,1,1
10.1108/ijbm-01-2014-0006,2015-04-07,10.1108/ijbm-01-2014-0006,Emerald,1,1,1
10.1001/jama.293.9.1082,2015-05-19,10.1001/jama.2015.4722,American Medical Association,392,1,1
10.1016/j.orcp.2015.05.012,2015-05-28,10.1016/j.orcp.2015.05.012,Elsevier,,0,1
10.1097/00024382-199409000-00001,2015-06-01,10.1097/shk.0000000000000393,Wolters Kluwer - Lippincott Williams & Wilkins,2054,0,1
10.1016/s0002-9440(10)64499-9,2015-06-01,10.1016/j.ajpath.2015.03.005,Elsevier,,0,1
10.1111/j.1475-679x.2011.00430.x,2015-06-05,10.1111/1475-679x.12088,Wiley,,0,1
10.1359/jbmr.050402,2015-06-24,10.1002/jbmr.2583,Wiley,128,1,1
10.1371/journal.pgen.1003791,2015-06-29,10.1371/journal.pgen.1005377,PLoS,66,1,1
10.2807/1560-7917.es2015.20.25.21169,2015-07-02,10.2807/1560-7917.es2015.20.26.21176,European Centre for Disease Prevention and Control,,0,1
10.1016/s0002-9440(10)63477-3,2015-07-26,10.1016/j.ajpath.2015.04.024,Elsevier,,0,1
10.1007/s10764-007-9150-8,2015-07-29,10.1007/s10764-015-9838-0,Springer,,0,1
10.5194/amt-6-2703-2013,2015-08-21,10.5194/amt-8-3405-2015,Copernicus,,0,1
10.1164/rccm.200903-0381oc,2015-09-15,10.1164/rccm.1926eoc,American Thoracic Society,,0,1
10.1164/rccm.201007-1157oc,2015-09-15,10.1164/rccm.1926eoc,American Thoracic Society,,0,1
10.5214/ans.0972-7531.1017306,2015-10-01,10.5214/ans.0972.7531.220415,Karger,1169,1,1
10.1371/journal.ppat.1002035,2015-10-09,10.1371/journal.ppat.1005627,American Society for Biochemistry and Molecular Biology (ASBMB),,0,1
10.1177/0267323115589265,2015-10-12,10.1177/0267323115614741,SAGE Publications,,0,1
10.1098/rsbl.2013.1066,2015-10-28,10.1098/rsbl.2015.0821,Royal Society Publishing,307,1,1
10.18061/dsq.v31i4.1717,2015-11-03,unavailable,The Ohio State University Libraries,532,1,1
10.1039/c4ob00562g,2015-11-17,10.1039/c5ob90194d,Royal Society of Chemistry (RSC),,0,1
10.1039/c5md00142k,2015-11-19,10.1039/c5md90056e,Royal Society of Chemistry (RSC),221,1,1
10.1016/j.carbpol.2015.06.029,2015-12-12,10.1016/j.carbpol.2015.11.076,Elsevier,,0,1
10.1371/journal.pone.0040808,2015-12-15,10.1371/journal.pone.0040808,PLoS,,0,1
10.1126/science.aaa7516,2015-12-15,10.1126/science.aae0548,American Association for the Advancement of Science (AAAS),367,1,1
10.1007/s13346-010-0009-8,2015-12-28,10.1007/s13346-015-0272-9,Springer,,0,1
10.1186/1471-2229-14-92,2015-12-30,10.1186/s12870-015-0671-6,BioMed Central (BMC),,0,1
10.1242/dev.129023,2016-01-01,10.1242/dev.135533,The Company of Biologists,452,1,1
10.1074/jbc.m109.065987,2016-01-15,10.1074/jbc.a109.065987,American Society for Biochemistry and Molecular Biology (ASBMB),427,1,1
10.1074/jbc.m808084200,2016-01-15,10.1074/jbc.a109.808084,American Society for Biochemistry and Molecular Biology (ASBMB),385,1,1
10.1074/jbc.m709854200,2016-01-15,10.1074/jbc.a108.709854,American Society for Biochemistry and Molecular Biology (ASBMB),385,1,1
10.1074/jbc.m111.255042,2016-01-15,10.1074/jbc.a111.255042,American Society for Biochemistry and Molecular Biology (ASBMB),357,1,1
10.1074/jbc.m110.139469,2016-01-15,10.1074/jbc.a110.139469,American Society for Biochemistry and Molecular Biology (ASBMB),404,1,1
10.1242/bio.014712,2016-01-21,10.1242/bio.017046,The Company of Biologists,176,1,1
10.1245/s10434-015-4410-x,2016-01-22,10.1245/s10434-016-5094-6,Springer,,0,1
10.1111/j.1744-6570.2011.01225.x,2016-01-28,10.1111/peps.12148,Wiley,,0,1
10.1111/j.1744-6570.2011.01224.x,2016-01-28,10.1111/peps.12148,Wiley,,0,1
10.1007/s00261-014-0337-0,2016-01-29,10.1007/s00261-015-0625-3,Springer,,0,1
10.1242/jcs.140764,2016-02-15,10.1242/jcs.187039,The Company of Biologists,137,1,1
10.1242/jcs.193607,2016-02-15,10.1242/jcs.187021,The Company of Biologists,137,1,1
10.1242/jcs.103093,2016-02-15,10.1242/jcs.187013,The Company of Biologists,137,1,1
10.1242/jcs.073502,2016-02-15,10.1242/jcs.187005,The Company of Biologists,137,1,1
10.1242/jcs.061846,2016-02-15,10.1242/jcs.186999,The Company of Biologists,137,1,1
10.1634/theoncologist.8-4-307,2016-03-01,10.1634/theoncologist.2016-3001,Society for Translational Oncology,,0,1
10.1634/theoncologist.2008-0230,2016-03-01,10.1634/theoncologist.2016-3001,Society for Translational Oncology,,0,1
10.1177/1081286515591084,2016-03-01,10.1177/1081286515618095,SAGE Publications,1,1,1
10.1177/1081286515591305,2016-03-01,10.1177/1081286515618095,SAGE Publications,1,1,1
10.1177/1081286515591085,2016-03-01,10.1177/1081286515618095,SAGE Publications,1,1,1
10.1177/1081286515592949,2016-03-01,10.1177/1081286515618095,SAGE Publications,1,1,1
10.1177/1081286515577122,2016-03-01,10.1177/1081286515618095,SAGE Publications,1,1,1
10.1177/1081286515591086,2016-03-01,10.1177/1081286515618095,SAGE Publications,1,1,1
10.1177/1081286514566723,2016-03-01,10.1177/1081286515618095,SAGE Publications,1,1,1
10.1177/1081286514566704,2016-03-01,10.1177/1081286515618095,SAGE Publications,1,1,1
10.1177/1081286514566533,2016-03-01,10.1177/1081286515618095,SAGE Publications,1,1,1
10.1177/1081286514566535,2016-03-01,10.1177/1081286515618095,SAGE Publications,1,1,1
10.1177/1081286515591087,2016-03-01,10.1177/1081286515618095,SAGE Publications,1,1,1
10.1177/1081286514566534,2016-03-01,10.1177/1081286515618095,SAGE Publications,1,1,1
10.1177/1081286515592190,2016-03-01,10.1177/1081286515618095,SAGE Publications,1,1,1
10.1111/j.1540-5915.2011.00350.x,2016-03-09,10.1111/deci.12218,Wiley,,0,1
10.2337/db11-1388,2016-03-24,10.2337/db16-ec04,American Diabetes Association,323,1,1
10.2337/db07-0573,2016-03-24,10.2337/db16-ec04a,American Diabetes Association,323,1,1
10.1016/s0140-6736(11)61715-7,2016-04-02,10.1016/s0140-6736(16)30091-5,Elsevier,826,1,1
10.3390/cancers2031683,2016-04-07,10.3390/cancers8040044,MDPI,,0,1
10.1016/j.molcel.2016.03.026,2016-04-07,10.1016/j.molcel.2016.03.026,Elsevier,,0,1
10.3389/fphar.2014.00137,2016-04-08,10.3389/fphar.2016.00062,Frontiers,54,1,1
10.1016/j.cell.2006.03.044,2016-04-17,10.1016/j.cell.2016.03.038,Elsevier,,0,1
10.1007/s00438-015-1049-z,2016-04-27,10.1007/s00438-016-1205-0,Springer,,0,1
10.1111/j.1524-4741.2007.00497.x,2016-04-28,10.1111/tbj.12617,Wiley,247,1,1
10.3109/01443615.2014.929644,2016-04-29,10.1080/01443615.2016.1175777,Taylor and Francis,,0,1
10.1113/jphysiol.2008.164202,2016-05-06,10.1113/jp272727,Wiley,,0,1
10.1113/jphysiol.2013.264002,2016-05-06,10.1113/jp272726,Wiley,,0,1
10.1113/jphysiol.2009.183996,2016-05-06,10.1113/jp272728,Wiley,,0,1
10.1113/jphysiol.2009.170050,2016-05-06,10.1113/jp272710,Wiley,,0,1
10.1039/c4ra17047d,2016-05-17,10.1039/c6ra90044e,Royal Society of Chemistry (RSC),,0,1
10.1164/rccm.200807-1186oc,2016-06-01,10.1164/rccm.19311eoc,American Thoracic Society,,0,1
10.3390/molecules201219819,2016-06-02,10.3390/molecules21060725,Multidisciplinary Digital Publishing Institute (MDPI),587,1,1
10.7717/peerj.1588,2016-06-10,10.7717/peerj.1588,PeerJ,16,1,1
10.1016/j.jafrearsci.2015.12.009,2016-06-15,10.1016/j.jafrearsci.2016.06.010,Elsevier,647,1,1
10.3389/fphar.2015.00313,2016-06-15,10.3389/fphar.2016.00190,Frontiers,14,1,1
10.1172/jci84505,2016-07-01,10.1172/jci88179,American Society of Clinical Investigation,243,1,1
10.1080/09397140.2013.810870,2016-07-05,10.1080/09397140.2016.1208389,Taylor and Francis,,0,1
10.1124/mol.107.036111,2016-07-06,10.1124/mol.107.036111noticeofconcern,ASPET: American Society for Pharmacology and Experimental Therapeutics,,0,1
10.2337/db05-1430,2016-07-12,10.2337/db16-ec08a,American Diabetes Association,1280,1,1
10.1039/c6ay00976j,2016-07-12,10.1039/c6ay90108e,Royal Society of Chemistry (RSC),30,1,1
10.3389/fpubh.2016.00139,2016-07-19,10.3389/fpubh.2016.00155,Frontiers,1,1,1
10.2337/db07-0847,2016-07-21,10.2337/db16-ec08,American Diabetes Association,251,1,1
10.1371/journal.pone.0087219,2016-07-25,10.1371/journal.pone.0160281,PLoS,,0,1
10.1016/s0092-8674(00)80740-0,2016-07-28,10.1016/j.cell.2016.07.016,Elsevier - Cell Press,,0,1
10.1016/j.cell.2010.04.042,2016-07-28,10.1016/j.cell.2016.07.013,Elsevier - Cell Press,,0,1
10.1016/s0092-8674(00)81749-3,2016-07-28,10.1016/j.cell.2016.07.014,Elsevier,,0,1
10.1016/s1097-2765(01)00266-0,2016-07-28,10.1016/j.molcel.2016.07.002,Elsevier,,0,1
10.1016/s0092-8674(00)00095-7,2016-07-28,10.1016/j.cell.2016.07.015,Elsevier,,0,1
10.1016/j.saa.2015.03.116,2016-07-29,10.1016/j.saa.2016.07.040,Elsevier,,0,1
10.1002/ejsp.656,2016-08-01,10.1002/ejsp.2221,Wiley,,0,1
10.3390/ma2041975,2016-09-02,10.3390/ma9090752,MDPI,,0,1
10.1177/0146167209342755,2016-09-13,10.1177/0146167216664528,SAGE Publications,,0,1
10.1111/1365-2664.12581,2016-09-15,10.1111/1365-2664.12795,Wiley,,0,1
10.1097/00005537-199904000-00028,2016-09-21,10.1002/lary.26260,Wiley,181,1,1
10.1097/00005537-200102000-00013,2016-09-21,10.1002/lary.26260,Wiley,181,1,1
10.1097/00005537-199912000-00017,2016-09-21,10.1002/lary.26260,Wiley,181,1,1
10.2353/ajpath.2010.091289,2016-10-01,10.1016/j.ajpath.2016.07.007,Elsevier,,0,1
10.1038/ncomms4562,2016-10-14,10.1038/ncomms13310,Nature Publishing Group,158,1,1
10.4103/0366-6999.178013,2016-11-04,10.4103/0366-6999.193449,Wolters Kluwer - Medknow,,0,1
10.3389/fgene.2013.00044,2016-11-07,10.3389/fgene.2016.00202,Frontiers,,0,1
10.1016/j.saa.2014.12.002,2016-11-11,10.1016/j.saa.2016.11.007,Elsevier,,0,1
10.1016/j.saa.2013.10.112,2016-11-11,10.1016/j.saa.2016.11.007,Elsevier,,0,1
10.1016/j.saa.2014.01.057,2016-11-11,10.1016/j.saa.2016.11.007,Elsevier,,0,1
10.1016/j.saa.2014.04.123,2016-11-11,10.1016/j.saa.2016.11.007,Elsevier,,0,1
10.1016/j.saa.2014.09.108,2016-11-11,10.1016/j.saa.2016.11.007,Elsevier,,0,1
10.1111/nph.14034,2016-11-28,10.1111/nph.14362,Wiley,,0,1
10.1038/nbt.3547,2016-11-28,10.1038/nbt0517-481a,Nature Publishing Group,240,1,1
10.1126/science.aad8828,2016-12-01,10.1126/science.aah6990,American Association for the Advancement of Science (AAAS),176,1,1
10.1371/journal.pntd.0004367,2016-12-13,10.1371/journal.pntd.0010924,PLoS,,0,1
10.1186/1472-6874-10-26,2017-01-15,10.1186/1472-6874-10-26,BioMed Central (BMC),,0,1
10.1080/00087114.2016.1169091,2017-01-23,10.1080/00087114.2017.1285120,Taylor and Francis,,0,1
10.1017/s175173111700091x,2017-01-30,10.1017/s175173111700091x,Cambridge University Press,,0,1
10.1242/dev.058479,2017-02-01,10.1242/dev.148718,The Company of Biologists,258,1,1
10.1038/sj.bjp.0705695,2017-02-24,10.1111/bph.13680,Wiley,,0,1
10.1128/iai.01192-08,2017-03-23,10.1128/iai.00054-17,American Society for Microbiology,427,1,1
10.12688/f1000research.8114.1,2017-03-31,10.12688/f1000research.8114.1,F1000 Research Ltd,,0,1
10.1075/cvs.1.05sch,2017-04-01,10.1075/cvs.1.05sch,John Benjamins,,0,1
10.1677/joe.1.06111,2017-04-01,10.1530/joe-17-6111x,BioScientifica,,0,1
10.1073/pnas.0931262100,2017-04-03,10.1073/pnas.1704295114,National Academy of Sciences (NAS),,0,1
10.1073/pnas.0505485102,2017-04-03,10.1073/pnas.1704296114,National Academy of Sciences (NAS),,0,1
10.1074/jbc.m111.236612,2017-04-28,10.1074/jbc.a111.236612,American Society for Biochemistry and Molecular Biology (ASBMB),952,1,1
10.1007/s10869-014-9375-4,2017-05-02,10.1007/s10869-017-9500-2,Springer,,0,1
10.1007/s00125-012-2648-4,2017-05-15,10.1007/s00125-012-2648-4,Springer,,0,1
10.1111/1365-2664.12011,2017-05-15,10.1111/1365-2664.12933,Wiley,,0,1
10.1242/jcs.01612,2017-05-15,10.1242/jcs.205336,The Company of Biologists,,0,1
10.1007/s00125-009-1498-1,2017-05-17,10.1007/s00125-017-4292-5,Springer,,0,1
10.1007/s00339-013-8134-0,2017-05-22,10.1007/s00339-017-0945-y,Springer,,0,1
10.1136/jnnp.74.5.574,2017-05-25,unavailable,BMJ Publishing,95,1,1
10.1136/jnnp.66.1.64,2017-05-25,unavailable,BMJ Publishing,95,1,1
10.1242/jcs.081612,2017-06-01,10.1242/jcs.205559,The Company of Biologists,,0,1
10.1021/jacs.6b08854,2017-06-13,unavailable,American Chemical Society (ACS),716,1,1
10.1038/nmeth.4293,2017-06-14,10.1038/nmeth.4293,Springer - Nature Publishing Group,289,1,1
10.3389/fphar.2017.00223,2017-06-28,10.3389/fphar.2017.00427,Frontiers,,0,1
10.1039/c0ob00117a,2017-06-29,10.1039/c7ob90105d,Royal Society of Chemistry (RSC),,0,1
10.1039/c2ob25622c,2017-06-29,10.1039/c7ob90107k,Royal Society of Chemistry (RSC),,0,1
10.1039/c2ob06711k,2017-06-29,10.1039/c7ob90106b,Royal Society of Chemistry (RSC),589,1,1
10.1136/ip.2006.015115,2017-06-30,10.1136/ip.2006.015115eoc1,BMJ Publishing,173,1,1
10.1039/c3ra43048k,2017-07-05,10.1039/c7ra90077e,Royal Society of Chemistry (RSC),576,1,1
10.1126/scisignal.aad5582,2017-07-18,10.1126/scisignal.aao2123,American Association for the Advancement of Science (AAAS),378,1,1
10.1001/jamaoto.2013.2821,2017-07-21,10.1001/jamaoto.2017.1641,American Medical Association,447,1,1
10.1016/j.ecolind.2016.08.025,2017-07-21,10.1016/j.ecolind.2017.04.020,Elsevier,,0,1
10.1016/j.watres.2016.10.064,2017-07-25,10.1016/s0043-1354(17)30584-5,Elsevier,220,1,1
10.1042/bj20060816,2017-08-11,10.1042/bcj-2006-0816_cor,Portland Press,,0,1
10.1177/1708538114568884,2017-08-21,10.1177/1708538117729054,SAGE Publications,,0,1
10.1155/2016/2410392,2017-08-22,10.1155/2017/4981984,Hindawi,,0,1
10.1172/jci71951,2017-08-28,10.1172/jci97015,American Society for Clinical Investigation,,0,1
10.1242/jcs.148601,2017-08-30,10.1242/jcs.210005,The Company of Biologists,,0,1
10.1242/jcs.01002,2017-08-30,10.1242/jcs.209981,The Company of Biologists,,0,1
10.1242/jcs.02878,2017-08-30,10.1242/jcs.209999,The Company of Biologists,,0,1
10.1097/01.phm.0000122877.28631.23,2017-09-01,10.1097/phm.0000000000000822,Lippincott Williams and Wilkins,139,1,1
10.1097/00002060-199909000-00008,2017-09-01,10.1097/phm.0000000000000822,Lippincott Williams and Wilkins,139,1,1
10.1212/wnl.53.2.437-a,2017-09-06,10.1212/wnl.0000000000004443,American Academy of Neurology,1328,1,1
10.1212/wnl.49.5.1273,2017-09-06,10.1212/wnl.0000000000004443,American Academy of Neurology,936,1,1
10.1212/01.wnl.0000047345.05818.8b,2017-09-06,10.1212/wnl.0000000000004443,American Academy of Neurology,936,1,1
10.1212/wnl.57.3.445,2017-09-06,10.1212/wnl.0000000000004443,American Academy of Neurology,936,1,1
10.1016/j.jesp.2011.08.012,2017-09-14,10.1016/j.jesp.2017.04.002,Elsevier,,0,1
10.1007/s00125-006-0371-8,2017-09-14,10.1007/s00125-017-4357-5,Springer,,0,1
10.1007/s00125-003-1246-x,2017-09-14,10.1007/s00125-017-4358-4,Springer,,0,1
10.1002/ijc.23528,2017-09-15,10.1002/ijc.31032,Wiley,,0,1
10.1126/science.aan5830,2017-09-15,10.1126/science.aap9539,American Association for the Advancement of Science (AAAS),,0,1
10.1186/s12967-014-0318-7,2017-09-18,10.1186/s12967-017-1292-7,Springer - Biomed Central (BMC),,0,1
10.1186/s40169-016-0124-3,2017-09-18,10.1186/s40169-017-0167-0,Springer,,0,1
10.1186/s40169-016-0122-5,2017-09-18,10.1186/s40169-017-0166-1,Springer,,0,1
10.1242/jcs.197574,2017-09-21,10.1242/jcs.210690,The Company of Biologists,32,1,1
10.1074/jbc.m305944200,2017-09-22,10.1074/jbc.a117.305944,American Society for Biochemistry and Molecular Biology (ASBMB),462,1,1
10.1038/nature22062,2017-09-22,10.1038/nature24276,Springer - Nature Publishing Group,145,1,1
10.1038/nature23305,2017-10-02,10.1038/nature23305,Nature Publishing Group,,0,1
10.1213/ane.0000000000002508,2017-10-12,10.1213/ane.0000000000002638,Wolters Kluwer,144,1,1
10.1242/jcs.204461,2017-10-15,10.1242/jcs.211243,The Company of Biologists,,0,1
10.1016/j.neurobiolaging.2012.02.009,2017-10-20,10.1016/j.neurobiolaging.2017.10.001,Elsevier,,0,1
10.1177/1088868317725419,2017-11-01,10.1177/1088868317741275,SAGE Publications,,0,1
10.2337/db10-0860,2017-11-06,10.2337/db17-ec2017c,American Diabetes Association,434,1,1
10.2337/diabetes.50.6.1244,2017-11-06,10.2337/db17-ec2017b,American Diabetes Association,434,1,1
10.2337/diabetes.49.7.1194,2017-11-06,10.2337/db17-ec2017a,American Diabetes Association,434,1,1
10.1007/s12011-017-1198-5,2017-11-10,10.1007/s12011-017-1198-5,Springer,,0,1
10.1007/s11192-016-2142-8,2017-11-11,10.1007/s11192-017-2575-8,Springer,1132,1,1
10.1016/j.jhevol.2016.02.002,2017-11-13,10.1016/j.jhevol.2017.11.001,Elsevier,,0,1
10.1128/mcb.05189-11,2017-11-13,10.1128/mcb.00530-17,American Society for Microbiology,,0,1
10.4171/emss/4-2-3,2017-12-01,10.4171/emss/4-2-3,European Mathematical Society,,0,1
10.1099/mic.0.000369,2017-12-19,10.1099/mic.0.000575,Microbiology Society,,0,1
10.7717/peerj.4267,2018-01-18,10.7717/peerj.4267,PeerJ,5,1,1
10.1021/acscatal.6b03185,2018-01-19,10.1021/acscatal.7b04375,American Chemical Society (ACS),105,1,1
10.1016/j.amjmed.2005.01.052,2018-02-14,10.1016/j.amjmed.2017.11.022,Elsevier,894,1,1
10.1098/rsbl.2014.0281,2018-02-14,10.1098/rsbl.2018.0032,Royal Society Publishing,,0,1
10.1177/1744806917706582,2018-02-26,10.1177/1744806918756677,SAGE Publications,,0,1
10.1007/s10329-018-0651-1,2018-03-03,10.1007/s10329-018-0656-9,Springer,260,1,1
10.1378/chest.91.2.185,2018-03-05,10.1016/j.chest.2018.01.023,Elsevier,1824,1,1
10.1378/chest.106.3.899,2018-03-05,10.1016/j.chest.2018.01.023,Elsevier,1824,1,1
10.1378/chest.107.3.787,2018-03-05,10.1016/j.chest.2018.01.023,Elsevier,1828,0,1
10.1378/chest.98.1.53,2018-03-05,10.1016/j.chest.2018.01.023,Elsevier,1824,1,1
10.1378/chest.94.3.566,2018-03-05,10.1016/j.chest.2018.01.023,Elsevier,1824,1,1
10.1007/s00395-017-0604-7,2018-03-15,10.1007/s00395-018-0676-z,Springer,34,1,1
10.1001/archinte.166.12.1256,2018-03-26,10.1001/jamainternmed.2018.1140,American Medical Association,,0,1
10.1007/s00604-017-2593-5,2018-03-27,10.1007/s00604-018-2751-4,Springer,,0,1
10.1074/jbc.m110.211466,2018-03-30,10.1074/jbc.ec118.002682,American Society for Biochemistry and Molecular Biology (ASBMB),969,1,1
10.1001/jama.293.14.1727,2018-04-13,10.1001/jama.2018.4908,American Medical Association,159,1,1
10.1001/jamapediatrics.2013.82,2018-04-13,10.1001/jamapediatrics.2018.0940,American Medical Association,159,1,1
10.1001/jamainternmed.2014.4098,2018-04-13,10.1001/jamainternmed.2018.1986,American Medical Association,159,1,1
10.1001/archinternmed.2012.1278,2018-04-13,10.1001/jamainternmed.2018.1986,American Medical Association,159,1,1
10.1001/jamainternmed.2013.650,2018-04-13,10.1001/jamainternmed.2018.1986,American Medical Association,159,1,1
10.1001/archpedi.162.10.994,2018-04-13,10.1001/jamapediatrics.2018.0940,American Medical Association,159,1,1
10.1093/cid/cix685,2018-04-13,10.1093/cid/ciy316,Oxford University Press,,0,1
10.1039/c7fo02038d,2018-04-18,10.1039/c8fo90012d,Royal Society of Chemistry (RSC),6,1,1
10.1016/j.jaapos.2016.09.030,2018-04-19,10.1016/j.jaapos.2018.04.002,Elsevier,,0,1
10.1097/mpg.0000000000001904,2018-04-30,10.1097/mpg.0000000000002013,Wolters Kluwer,,0,1
10.1021/acs.jpcb.6b12450,2018-05-09,10.1021/acs.jpcb.8b04187,American Chemical Society (ACS),,0,1
10.2196/publichealth.9490,2018-05-11,10.2196/publichealth.9932,JMIR Publications,,0,1
10.1097/ftd.0b013e3180310ddd,2018-05-11,10.1097/ftd.0000000000000511,Wolters Kluwer,,0,1
10.2196/resprot.7993,2018-05-14,10.2196/10469,JMIR Publications,,0,1
10.1586/17446651.2015.995630,2018-05-16,10.1080/14740338.2018.1475450,Taylor and Francis,,0,1
10.1517/14740338.2011.585966,2018-05-16,10.1080/14740338.2018.1475450,Taylor and Francis,,0,1
10.1517/14712598.2012.704014,2018-05-16,10.1080/14712598.2018.1475325,Taylor and Francis,,0,1
10.1517/14656566.2013.772981,2018-05-17,10.1080/14656566.2018.1475338,Taylor and Francis,,0,1
10.1517/14656566.2012.734499,2018-05-17,10.1080/14656566.2018.1475338,Taylor and Francis,,0,1
10.1517/14656566.2012.730519,2018-05-17,10.1080/14656566.2018.1475338,Taylor and Francis,,0,1
10.1517/14656566.2012.683175,2018-05-17,10.1080/14656566.2018.1475338,Taylor and Francis,,0,1
10.1517/14656566.2012.667077,2018-05-17,10.1080/14656566.2018.1475338,Taylor and Francis,,0,1
10.1517/14656566.2011.623698,2018-05-17,10.1080/14656566.2018.1475338,Taylor and Francis,,0,1
10.1517/14656566.2011.580276,2018-05-17,10.1080/14656566.2018.1475338,Taylor and Francis,,0,1
10.1517/14656566.2010.493557,2018-05-17,10.1080/14656566.2018.1475338,Taylor and Francis,,0,1
10.1517/14656560902865601,2018-05-17,10.1080/14656566.2018.1475338,Taylor and Francis,,0,1
10.1021/acssuschemeng.7b03179,2018-05-30,10.1021/acssuschemeng.8b01989,American Chemical Society (ACS),146,1,1
10.1155/2016/2537294,2018-05-30,10.1155/2018/5810294,Hindawi,,0,1
10.1073/pnas.1019581108,2018-06-06,10.1073/pnas.1808586115,National Academy of Sciences (NAS),2679,0,1
10.1136/archdischild-2017-313375,2018-06-19,10.1136/archdischild-2017-313375,BMJ Publishing,,0,1
10.1186/s40659-016-0086-3,2018-06-22,10.1186/s40659-018-0171-x,Springer - Biomed Central (BMC),,0,1
10.1186/s40659-015-0006-y,2018-06-22,10.1186/s40659-018-0170-y,Springer - Biomed Central (BMC),,0,1
10.15585/mmwr.mm6525a1,2018-06-29,10.15585/mmwr.mm6725a7,Centers for Disease Control and Prevention,140,1,1
10.1039/c5nr09227b,2018-07-03,10.1039/c8nr90140f,Royal Society of Chemistry (RSC),421,1,1
10.1039/c6ta07859a,2018-07-03,10.1039/c8ta90151a,Royal Society of Chemistry (RSC),421,1,1
10.1039/c3ta10321h,2018-07-03,10.1039/c8ta90149j,Royal Society of Chemistry (RSC),421,1,1
10.1039/c5ta01191d,2018-07-03,10.1039/c8ta90150c,Royal Society of Chemistry (RSC),421,1,1
10.1503/cmaj.140764,2018-07-03,10.1503/cmaj.180791,Canadian Medical Association,,0,1
10.1186/1757-2215-5-14,2018-07-05,10.1186/s13048-018-0431-y,Springer - Biomed Central (BMC),,0,1
10.1074/jbc.m115.699173,2018-07-13,10.1074/jbc.ec118.001735,American Society for Biochemistry and Molecular Biology (ASBMB),,0,1
10.1039/c7ta02733h,2018-07-30,10.1039/c8ta90175a,Royal Society of Chemistry (RSC),,0,1
10.1038/s41698-017-0008-z,2018-08-01,10.1038/s41698-018-0062-1,Springer - Nature Publishing Group,1104,1,1
10.1080/0966369x.2018.1475346,2018-08-06,10.1080/0966369x.2018.1507885,Taylor and Francis,58,1,1
10.1016/s2213-8587(16)30085-7,2018-08-07,10.1016/s2213-8587(18)30236-5,Elsevier,267,1,1
10.1007/s12032-014-0364-2,2018-08-17,10.1007/s12032-018-1177-5,Springer,,0,1
10.1007/s12032-015-0625-8,2018-08-18,10.1007/s12032-018-1178-4,Springer,,0,1
10.1158/1541-7786.mcr-07-2088,2018-09-04,10.1158/1541-7786.mcr-18-0820,American Association for Cancer Research,,0,1
10.1158/1541-7786.mcr-06-0348,2018-09-04,10.1158/1541-7786.mcr-18-0819,American Association for Cancer Research,,0,1
10.1158/1078-0432.ccr-05-1749,2018-09-04,10.1158/1078-0432.ccr-18-2525,American Association for Cancer Research,,0,1
10.1158/1078-0432.ccr-06-2575,2018-09-04,10.1158/1078-0432.ccr-18-2524,American Association for Cancer Research,,0,1
10.1158/0008-5472.can-09-1161,2018-09-04,10.1158/0008-5472.can-18-1828,American Association for Cancer Research,,0,1
10.1158/0008-5472.can-09-2045,2018-09-04,10.1158/0008-5472.can-18-1825,American Association for Cancer Research,,0,1
10.1158/0008-5472.can-10-2318,2018-09-04,10.1158/0008-5472.can-18-1826,American Association for Cancer Research,,0,1
10.1158/0008-5472.can-07-6696,2018-09-04,10.1158/0008-5472.can-18-2371,American Association for Cancer Research,,0,1
10.1093/infdis/jiy116,2018-09-06,10.1093/infdis/jiy536,Oxford University Press,461,1,1
10.1359/jbmr.2000.15.9.1842,2018-09-06,10.1002/jbmr.3571,Wiley,580,1,1
10.2337/db05-1586,2018-09-13,10.2337/db18-ec2018a,American Diabetes Association,487,1,1
10.1192/bjp.bp.116.183285,2018-09-17,10.1192/bjp.2018.198,Cambridge University Press,246,1,1
10.1080/10408444.2016.1214679,2018-09-26,10.1080/10408444.2018.1522786,Taylor and Francis,,0,1
10.1080/10408444.2016.1214678,2018-09-26,10.1080/10408444.2018.1522786,Taylor and Francis,,0,1
10.1080/10408444.2016.1214681,2018-09-26,10.1080/10408444.2018.1522786,Taylor and Francis,,0,1
10.1080/10408444.2016.1214680,2018-09-26,10.1080/10408444.2018.1522786,Taylor and Francis,,0,1
10.1080/10408444.2016.1214677,2018-09-26,10.1080/10408444.2018.1522786,Taylor and Francis,,0,1
10.1126/science.1192049,2018-09-28,10.1126/science.aav4528,American Association for the Advancement of Science (AAAS),195,1,1
10.1038/s41598-018-31971-9,2018-10-01,10.1038/s41598-018-31971-9,Springer - Nature Publishing Group,253,1,1
10.1038/ncb3207,2018-10-04,10.1038/ncb3207,Springer - Nature Publishing Group,74,1,1
10.7717/peerj.4622,2018-10-09,10.7717/peerj.4622,PeerJ,,0,1
10.1016/j.jhep.2011.12.019,2018-10-16,10.1016/j.jhep.2018.09.020,Elsevier,730,1,1
10.1056/nejmoa012081,2018-10-17,10.1056/nejme1813801,Massachusetts Medical Society,,0,1
10.1056/nejm200106073442303,2018-10-17,10.1056/nejme1813801,Massachusetts Medical Society,,0,1
10.2147/ott.s75864,2018-10-25,10.2147/ott.s192186,Taylor and Francis - Dove Press,1706,1,1
10.1038/s41586-018-0499-y,2018-10-25,10.1038/s41586-018-0499-y,Springer - Nature Publishing Group,118,1,1
10.2147/tcrm.s15812,2018-10-30,10.2147/tcrm.s192185,Taylor and Francis - Dove Press,1380,1,1
10.1001/archinternmed.2012.1871,2018-11-01,10.1001/jamainternmed.2018.6240,American Medical Association,,0,1
10.1001/jamainternmed.2013.749,2018-11-01,10.1001/jamainternmed.2018.6238,American Medical Association,,0,1
10.1001/jamainternmed.2014.7880,2018-11-01,10.1001/jamainternmed.2018.6048,American Medical Association,,0,1
10.1001/jamainternmed.2014.7874,2018-11-01,10.1001/jamainternmed.2018.6048,American Medical Association,,0,1
10.1038/cddis.2014.194,2018-11-09,10.1038/s41419-018-1175-8,Springer - Nature Publishing Group,,0,1
10.1038/s41586-018-0651-8,2018-11-19,10.1038/s41586-018-0651-8,Springer - Nature Publishing Group,310,1,1
10.1016/j.meegid.2018.04.030,2018-11-19,10.1016/j.meegid.2018.11.005,Elsevier,,0,1
10.1161/circresaha.112.273649,2018-11-20,10.1161/res.0000000000000241,American Heart Association,22,1,1
10.1161/circresaha.110.219220,2018-11-20,10.1161/res.0000000000000241,American Heart Association,,0,1
10.1161/circresaha.112.272526,2018-11-20,10.1161/res.0000000000000241,American Heart Association,22,1,1
10.1161/circresaha.111.259507,2018-11-20,10.1161/res.0000000000000241,American Heart Association,22,1,1
10.1161/circresaha.111.240648,2018-11-20,10.1161/res.0000000000000241,American Heart Association,22,1,1
10.1161/circresaha.110.239459,2018-11-20,10.1161/res.0000000000000241,American Heart Association,22,1,1
10.1161/circresaha.111.243154,2018-11-20,10.1161/res.0000000000000241,American Heart Association,22,1,1
10.1161/circresaha.110.231498,2018-11-20,10.1161/res.0000000000000241,American Heart Association,22,1,1
10.1161/circresaha.110.223024,2018-11-20,10.1161/res.0000000000000241,American Heart Association,22,1,1
10.1161/circresaha.109.207266,2018-11-20,10.1161/res.0000000000000241,American Heart Association,22,1,1
10.1161/circresaha.107.165464,2018-11-20,10.1161/res.0000000000000241,American Heart Association,22,1,1
10.1161/circulationaha.110.982918,2018-11-20,10.1161/cir.0000000000000639,American Heart Association,22,1,1
10.1161/circulationaha.113.004698,2018-11-20,10.1161/cir.0000000000000639,American Heart Association,22,1,1
10.1161/circulationaha.113.006591,2018-11-20,10.1161/cir.0000000000000639,American Heart Association,22,1,1
10.1161/circresaha.111.262584,2018-11-20,10.1161/res.0000000000000241,American Heart Association,,0,1
10.1039/c6ra25894h,2018-11-27,10.1039/c8ra90092b,Royal Society of Chemistry (RSC),,0,1
10.1007/s12230-015-9453-9,2018-11-28,10.1007/s12230-018-9693-6,Springer,,0,1
10.1001/jamapediatrics.2018.1923,2018-12-01,10.1001/jamapediatrics.2018.4068,American Medical Association,,0,1
10.1158/1078-0432.ccr-05-2672,2018-12-03,10.1158/1078-0432.ccr-18-3196,American Association for Cancer Research,,0,1
10.1158/1078-0432.ccr-04-1976,2018-12-03,10.1158/1078-0432.ccr-18-3195,American Association for Cancer Research,,0,1
10.1158/1078-0432.ccr-08-1901,2018-12-03,10.1158/1078-0432.ccr-18-3197,American Association for Cancer Research,,0,1
10.1177/0956797618761374,2018-12-05,10.1177/0956797618816068,SAGE Publications,184,1,1
10.1016/s8756-3282(98)00134-3,2018-12-06,10.1016/j.bone.2018.11.016,Elsevier,161,1,1
10.1016/j.meegid.2017.09.004,2018-12-08,10.1016/j.meegid.2018.10.002,Elsevier,,0,1
10.1109/bibe.2018.00052,2018-12-09,10.1109/bibe.2018.00052,IEEE: Institute of Electrical and Electronics Engineers,,0,1
10.1155/2017/3517207,2018-12-10,10.1155/2018/5342101,Hindawi,,0,1
10.1371/journal.pone.0009826,2018-12-10,10.1371/journal.pone.0208866,PLoS,,0,1
10.1038/s41598-018-20427-9,2018-12-14,10.1038/s41598-018-20427-9,Springer - Nature Publishing Group,,0,1
10.1172/jci.insight.85375,2018-12-19,10.1172/jci.insight.126616,American Society of Clinical Investigation,,0,1
10.1007/s12665-015-4871-z,2018-12-19,10.1007/s12665-018-7995-0,Springer,,0,1
10.1007/s12665-015-5054-7,2018-12-19,10.1007/s12665-018-7996-z,Springer,,0,1
10.1007/s12665-015-5058-3,2018-12-20,10.1007/s12665-018-7997-y,Springer,,0,1
10.1172/jci13103,2019-01-02,10.1172/jci126191,American Society for Clinical Investigation,,0,1
10.1371/journal.pone.0099412,2019-01-03,10.1371/journal.pone.0210304,PLoS,,0,1
10.1088/1361-6498/aa6094,2019-01-11,10.1088/1361-6498/aa6094,IOP Publishing,560,1,1
10.1088/1361-6498/37/1/1,2019-01-11,10.1088/1361-6498/37/1/1,IOP Publishing,560,1,1
10.1039/c7ta04927g,2019-01-25,10.1039/c9ta90024a,Royal Society of Chemistry (RSC),215,1,1
10.1039/c7ta05459a,2019-01-25,10.1039/c9ta90025j,Royal Society of Chemistry (RSC),215,1,1
10.1039/c3ta13906a,2019-01-25,10.1039/c9ta90026h,Royal Society of Chemistry (RSC),215,1,1
10.1039/c5ta04288g,2019-01-25,10.1039/c9ta90027f,Royal Society of Chemistry (RSC),215,1,1
10.1371/journal.pone.0147718,2019-01-29,10.1371/journal.pone.0211655,PLoS,317,1,1
10.1158/1940-6207.capr-17-0262,2019-01-29,10.1158/1940-6207.capr-19-0048,American Association for Cancer Research,,0,1
10.1039/c4cy01331j,2019-01-30,10.1039/c9cy90010a,Royal Society of Chemistry (RSC),210,1,1
10.1054/jcaf.2002.129269,2019-02-01,10.1016/j.cardfail.2019.01.011,Elsevier,,0,1
10.1148/85.3.474,2019-02-01,10.1148/85.3.474,Radiological Society of North America,,0,1
10.1074/jbc.m603819200,2019-02-01,10.1074/jbc.ec119.007462,American Society for Biochemistry and Molecular Biology (ASBMB),,0,1
10.1074/jbc.m111.219733,2019-02-01,10.1074/jbc.ec119.007463,American Society for Biochemistry and Molecular Biology (ASBMB),,0,1
10.1155/2012/819524,2019-02-03,10.1155/2019/5024873,Hindawi,,0,1
10.1093/ageing/28.3.265,2019-02-05,10.1093/ageing/afy221,Oxford University Press,288,1,1
10.1186/s40169-016-0121-6,2019-02-06,10.1186/s40169-019-0222-0,Springer,,0,1
10.1371/journal.pone.0163216,2019-02-07,10.1371/journal.pone.0212403,PLoS,,0,1
10.3109/19401736.2015.1060426,2019-02-08,10.1080/24701394.2018.1546934,Taylor and Francis,,0,1
10.1371/journal.pone.0063721,2019-02-11,10.1371/journal.pone.0211924,PLoS,,0,1
10.1161/atvbaha.118.311136,2019-02-14,10.1161/atv.0000000000000080,American Heart Association,,0,1
10.1016/s2213-8587(17)30177-8,2019-02-20,10.1016/s2213-8587(19)30062-2,Elsevier,,0,1
10.1016/j.biopha.2019.108606,2019-02-22,10.1016/j.biopha.2022.113821,Elsevier,1580,1,1
10.1371/journal.pone.0098185,2019-02-22,10.1371/journal.pone.0213041,PLoS,,0,1
10.1002/ijc.22154,2019-02-27,10.1002/ijc.32225,Wiley,,0,1
10.1785/0220160107,2019-03-01,10.1785/0220160107,Global Institute for Research and Education,26,1,1
10.1172/jci76887,2019-03-03,10.1172/jci126976,American Society for Clinical Investigation,,0,1
10.1371/journal.pone.0114000,2019-03-14,10.1371/journal.pone.0213989,PLoS,,0,1
10.1371/journal.pone.0004070,2019-03-19,10.1371/journal.pone.0213701,PLoS,1128,1,1
10.1126/science.aag1276,2019-03-21,10.1126/science.aaz2722,American Association for the Advancement of Science (AAAS),,0,1
10.1039/c6ra04913c,2019-03-27,10.1039/c9ra90023c,Royal Society of Chemistry (RSC),1302,1,1
10.1111/j.1476-5381.2011.01418.x,2019-03-28,10.1111/bph.14655,Wiley,,0,1
10.1074/jbc.m306360200,2019-03-29,10.1074/jbc.ec119.008297,American Society for Biochemistry and Molecular Biology (ASBMB),77,1,1
10.1074/jbc.m116.713693,2019-03-29,10.1074/jbc.ec119.008295,American Society for Biochemistry and Molecular Biology (ASBMB),77,1,1
10.1074/jbc.m706367200,2019-03-29,10.1074/jbc.ec119.008296,American Society for Biochemistry and Molecular Biology (ASBMB),77,1,1
10.15570/actaapa.2017.26,2019-03-31,10.15570/actaapa.2019.13,Zdruzenje slovenskih dermatovenerologov,,0,1
10.1172/jci91786,2019-03-31,10.1172/jci128261,American Society for Clinical Investigation,,0,1
10.1158/0008-5472.can-03-4063,2019-04-01,10.1158/0008-5472.can-19-0502,American Association for Cancer Research,,0,1
10.1016/j.saa.2014.04.167,2019-04-06,10.1016/j.saa.2019.03.086,Elsevier,,0,1
10.1098/rsos.180526,2019-04-10,10.1098/rsos.190530,Royal Society Publishing,,0,1
10.1371/journal.pone.0028841,2019-04-11,10.1371/journal.pone.0215109,PLoS,1750,1,1
10.1128/mcb.20.5.1723-1732.2000,2019-04-16,10.1128/mcb.00088-19,American Society for Microbiology,,0,1
10.1007/s00339-016-0287-1,2019-04-17,10.1007/s00339-019-2423-1,Springer,,0,1
10.1111/joim.12619,2019-04-21,10.1111/joim.12906,Wiley,,0,1
10.1161/01.str.32.7.1673,2019-04-22,10.1161/str.0000000000000188,American Heart Association,91,1,1
10.1161/01.str.30.9.1974d,2019-04-22,10.1161/str.0000000000000188,American Heart Association,91,1,1
10.1161/01.str.28.12.2390,2019-04-22,10.1161/str.0000000000000188,American Heart Association,91,1,1
10.1161/01.str.27.12.2183,2019-04-22,10.1161/str.0000000000000188,American Heart Association,91,1,1
10.1161/01.str.29.7.1373,2019-04-22,10.1161/str.0000000000000188,American Heart Association,91,1,1
10.1161/01.str.30.2.414,2019-04-22,10.1161/str.0000000000000188,American Heart Association,91,1,1
10.1016/j.saa.2014.05.010,2019-04-23,10.1016/j.saa.2019.04.006,Elsevier,,0,1
10.2215/cjn.00420117,2019-04-24,10.2215/cjn.04190419,American Society of Nephrology,,0,1
10.1016/j.colsurfb.2018.09.058,2019-04-26,10.1016/j.colsurfb.2019.03.058,Elsevier,,0,1
10.1371/journal.pone.0019724,2019-04-30,10.1371/journal.pone.0216434,PLoS,,0,1
10.1172/jci91814,2019-05-01,10.1172/jci129233,American Society for Clinical Investigation,,0,1
10.1242/jcs.039644,2019-05-02,10.1242/jcs.233080,The Company of Biologists,,0,1
10.1007/s00414-019-02039-8,2019-05-12,10.1007/s00414-019-02224-9,Springer,849,1,1
10.1242/jcs.114.2.435,2019-05-15,10.1242/jcs.233692,The Company of Biologists,,0,1
10.1158/1078-0432.ccr-11-1707,2019-05-15,10.1158/1078-0432.ccr-19-1144,American Association for Cancer Research,,0,1
10.1155/2015/549013,2019-05-22,10.1155/2019/6917081,Hindawi,,0,1
10.1007/s00477-015-1056-y,2019-05-29,10.1007/s00477-019-01676-0,Springer,,0,1
10.1007/s00477-015-1116-3,2019-05-29,10.1007/s00477-019-01673-3,Springer,,0,1
10.1007/s10528-016-9761-x,2019-05-29,10.1007/s10528-019-09923-3,Springer,,0,1
10.1186/s13000-014-0198-4,2019-05-30,10.1186/s13000-019-0824-2,Springer - Biomed Central (BMC),,0,1
10.1242/jcs.02784,2019-05-31,10.1242/jcs.233684,The Company of Biologists,,0,1
10.1039/c7cc02935g,2019-05-31,10.1039/c9cc90246e,Royal Society of Chemistry (RSC),137,1,1
10.1371/journal.pone.0083770,2019-05-31,10.1371/journal.pone.0217961,PLoS,,0,1
10.20344/amp.10752,2019-05-31,10.20344/amp.12308,Ordem Dos Medicos,,0,1
10.2215/cjn.04451007,2019-06-04,10.2215/cjn.04200419,American Society of Nephrology,,0,1
10.1099/ijsem.0.003209,2019-06-06,10.1099/ijsem.0.003487,Microbiology Society,,0,1
10.1007/s10571-019-00659-7,2019-06-07,10.1007/s10571-019-00697-1,Springer,,0,1
10.1186/s12957-015-0757-5,2019-06-13,10.1186/s12957-019-1644-2,Springer - Biomed Central (BMC),,0,1
10.1186/s12957-016-0784-x,2019-06-13,10.1186/s12957-019-1643-3,Springer - Biomed Central (BMC),,0,1
10.1007/s11760-016-0948-8,2019-06-15,10.1007/s11760-019-01519-z,Springer,,0,1
10.1074/jbc.m110.102491,2019-06-21,10.1074/jbc.ec119.009567,American Society for Biochemistry and Molecular Biology (ASBMB),203,1,1
10.1074/jbc.m802578200,2019-06-21,10.1074/jbc.ec119.009611,American Society for Biochemistry and Molecular Biology (ASBMB),203,1,1
10.1074/jbc.m703701200,2019-06-21,10.1074/jbc.ec119.009571,American Society for Biochemistry and Molecular Biology (ASBMB),203,1,1
10.1074/jbc.m300215200,2019-06-21,10.1074/jbc.ec119.009569,American Society for Biochemistry and Molecular Biology (ASBMB),154,1,1
10.1074/jbc.m708208200,2019-06-21,10.1074/jbc.ec119.009572,American Society for Biochemistry and Molecular Biology (ASBMB),84,1,1
10.1074/jbc.m109.012583,2019-06-21,10.1074/jbc.ec119.009566,American Society for Biochemistry and Molecular Biology (ASBMB),84,1,1
10.1074/jbc.m404421200,2019-06-21,10.1074/jbc.ec119.009570,American Society for Biochemistry and Molecular Biology (ASBMB),77,1,1
10.1074/jbc.m113.500934,2019-06-21,10.1074/jbc.ec119.009568,American Society for Biochemistry and Molecular Biology (ASBMB),,0,1
10.1155/2013/925874,2019-06-25,10.1155/2019/6595878,Hindawi,,0,1
10.1111/ajps.12427,2019-06-25,10.1111/ajps.12455,Wiley,,0,1
10.1136/bjsports-2018-099928,2019-06-27,10.1136/bjsports-2018-099928eoc1,BMJ Publishing,537,1,1
10.1158/1078-0432.ccr-09-3022,2019-07-01,10.1158/1078-0432.ccr-19-1601,American Association for Cancer Research,,0,1
10.1021/acs.jced.8b00918,2019-07-02,10.1021/acs.jced.9b00597,American Chemical Society (ACS),143,1,1
10.1172/jci79775,2019-07-02,10.1172/jci131245,American Society for Clinical Investigation,122,1,1
10.1172/jci83416,2019-07-02,10.1172/jci131246,American Society for Clinical Investigation,,0,1
10.1093/gbe/evz120,2019-07-04,10.1093/gbe/evz145,Oxford University Press,,0,1
10.1155/2013/381616,2019-07-07,10.1155/2019/4312310,Hindawi,482,1,1
10.1371/journal.pone.0005877,2019-07-11,10.1371/journal.pone.0219869,PLoS,,0,1
10.1177/2380084419830957,2019-07-12,10.1177/2380084419865256,SAGE Publications,,0,1
10.1007/s00784-009-0355-4,2019-07-13,10.1007/s00784-019-03013-9,Springer,,0,1
10.1021/acsami.6b07434,2019-07-16,10.1021/acsami.9b11720,American Chemical Society (ACS),540,1,1
10.1155/2013/763125,2019-07-16,10.1155/2019/2938413,Hindawi,,0,1
10.1155/2017/7378148,2019-07-18,10.1155/2019/8739375,Hindawi,,0,1
10.1371/journal.pone.0012341,2019-07-25,10.1371/journal.pone.0220519,PLoS,,0,1
10.1007/s12094-017-1633-2,2019-07-26,10.1007/s12094-019-02178-9,Springer,,0,1
10.1002/art.20429,2019-07-28,10.1002/art.41035,Wiley,,0,1
10.1097/aog.0000000000001928,2019-07-29,10.1097/aog.0000000000003429,Wolters Kluwer,224,1,1
10.1371/journal.pone.0065896,2019-07-29,10.1371/journal.pone.0220672,PLoS,,0,1
10.3390/psych1010009,2019-07-31,10.3390/psych1010033,MDPI,,0,1
10.1158/2159-8290.cd-11-0241,2019-08-01,10.1158/2159-8290.cd-19-0724,American Association for Cancer Research,642,1,1
10.1007/s10528-016-9711-7,2019-08-01,10.1007/s10528-019-09933-1,Springer,,0,1
10.1038/ki.2012.112,2019-08-02,10.1016/j.kint.2019.07.011,Elsevier,,0,1
10.1038/ki.2010.437,2019-08-02,10.1016/j.kint.2019.07.011,Elsevier,,0,1
10.1016/s8756-3282(98)00189-6,2019-08-09,10.1016/j.bone.2019.08.001,Elsevier,,0,1
10.1371/journal.pone.0102097,2019-08-13,10.1371/journal.pone.0221306,PLoS,,0,1
10.1158/0008-5472.can-06-4067,2019-08-15,10.1158/0008-5472.can-19-1891,American Association for Cancer Research,,0,1
10.1158/0008-5472.can-05-0784,2019-08-15,10.1158/0008-5472.can-19-1889,American Association for Cancer Research,,0,1
10.1155/2012/957568,2019-08-18,10.1155/2019/4959838,Hindawi,,0,1
10.1099/vir.0.014340-0,2019-08-20,10.1099/jgv.0.001312,Microbiology Society,62,1,1
10.1093/socpro/spu002,2019-08-23,10.1093/socpro/spz037,Oxford University Press,92,1,1
10.1093/socpro/spy003,2019-08-23,10.1093/socpro/spz036,Oxford University Press,92,1,1
10.1099/vir.0.034033-0,2019-08-23,10.1099/jgv.0.001313,Microbiology Society,62,1,1
10.1073/pnas.1600406113,2019-08-26,10.1073/pnas.1913758116,National Academy of Sciences (NAS),,0,1
10.1111/anae.14606,2019-08-30,10.1111/anae.14847,Wiley,498,1,1
10.1158/1940-6207.capr-17-0198,2019-09-03,10.1158/1940-6207.capr-19-0406,American Association for Cancer Research,1736,1,1
10.1158/1535-7163.mct-14-0172,2019-09-03,10.1158/1535-7163.mct-19-0666,American Association for Cancer Research,,0,1
10.1097/00002060-200101000-00005,2019-09-04,10.1097/phm.0000000000001297,Wolters Kluwer,72,1,1
10.1097/00002060-199907000-00005,2019-09-04,10.1097/phm.0000000000001297,Wolters Kluwer,72,1,1
10.1039/c3cc37973f,2019-09-04,10.1039/c9cc90397f,Royal Society of Chemistry (RSC),,0,1
10.1093/jge/gxz005,2019-09-05,10.1093/jge/gxz076,Oxford University Press,316,1,1
10.1088/1742-2140/aa9f80,2019-09-05,10.1093/jge/gxz071,Oxford University Press,316,1,1
10.1093/jge/aabc74,2019-09-05,10.1093/jge/gxz074,Oxford University Press,137,1,1
10.1088/1742-2140/aaaf57,2019-09-05,10.1093/jge/gxz073,Oxford University Press,137,1,1
10.1093/jge/aaa981,2019-09-05,10.1093/jge/gxz072,Oxford University Press,137,1,1
10.1088/1742-2140/aa953a,2019-09-05,10.1093/jge/gxz070,Oxford University Press,137,1,1
10.1088/1742-2132/13/5/704,2019-09-05,10.1093/jge/gxz068,Oxford University Press,369,1,1
10.1021/acs.jmedchem.8b00078,2019-09-09,10.1021/acs.jmedchem.9b01384,American Chemical Society (ACS),,0,1
10.1371/journal.pone.0062942,2019-09-12,10.1371/journal.pone.0222623,PLoS,348,1,1
10.1371/journal.pone.0094639,2019-09-19,10.1371/journal.pone.0222896,PLoS,,0,1
10.1371/journal.pone.0015627,2019-09-24,10.1371/journal.pone.0223138,PLoS,,0,1
10.2147/jpr.s176475,2019-09-27,10.2147/jpr.s231531,Taylor and Francis - Dove Press,,0,1
10.1038/s41586-019-1306-0,2019-09-30,10.1038/s41586-019-1586-4,Springer - Nature Publishing Group,135,1,1
10.1158/0008-5472.can-05-1614,2019-10-01,10.1158/0008-5472.can-19-2443,American Association for Cancer Research,,0,1
10.1158/0008-5472.can-15-2083,2019-10-01,10.1158/0008-5472.can-19-2442,American Association for Cancer Research,,0,1
10.1158/0008-5472.can-12-2233,2019-10-01,10.1158/0008-5472.can-19-2419,American Association for Cancer Research,,0,1
10.1371/journal.pone.0077487,2019-10-10,10.1371/journal.pone.0223817,PLoS,,0,1
10.1074/jbc.m112.447086,2019-10-11,10.1074/jbc.ec119.011071,American Society for Biochemistry and Molecular Biology (ASBMB),357,1,1
10.1074/jbc.m112.369595,2019-10-11,10.1074/jbc.ec119.011070,American Society for Biochemistry and Molecular Biology (ASBMB),356,1,1
10.1074/jbc.m111.231878,2019-10-11,10.1074/jbc.ec119.011069,American Society for Biochemistry and Molecular Biology (ASBMB),350,1,1
10.1371/journal.pgen.1008180,2019-10-11,10.1371/journal.pgen.1008436,PLoS,,0,1
10.1371/journal.pbio.3000063,2019-10-16,10.1371/journal.pbio.3000527,PLoS,61,1,1
10.1371/journal.pbio.1002593,2019-10-16,10.1371/journal.pbio.3000527,PLoS,61,1,1
10.1155/2013/417928,2019-10-22,10.1155/2019/2726761,Hindawi,399,1,1
10.1093/jcr/ucx061,2019-10-26,10.1093/jcr/ucz051,Oxford University Press,348,1,1
10.1089/zeb.2012.0803,2019-11-04,10.1089/zeb.2012.0803.expcon,Mary Ann Liebert,,0,1
10.1371/journal.pone.0101452,2019-11-08,10.1371/journal.pone.0225279,PLoS,,0,1
10.1074/jbc.m413200200,2019-11-15,10.1074/jbc.ec119.011524,American Society for Biochemistry and Molecular Biology (ASBMB),112,1,1
10.1007/s10633-019-09676-9,2019-11-15,10.1007/s10633-019-09737-z,Springer,,0,1
10.1108/jstpm-12-2017-0071,2019-11-20,10.1108/jstpm-12-2017-0071,Emerald,,0,1
10.1186/s13045-018-0694-1,2019-11-22,10.1186/s13045-019-0825-3,Springer,,0,1
10.1371/journal.pone.0065927,2019-11-25,10.1371/journal.pone.0225013,PLoS,,0,1
10.1371/journal.pone.0052940,2019-12-02,10.1371/journal.pone.0226124,PLoS,,0,1
10.1007/s00439-019-02023-7,2019-12-05,10.1007/s00439-019-02097-3,Springer,634,1,1
10.1172/jci.insight.129270,2019-12-05,10.1172/jci.insight.135102,American Society for Clinical Investigation,445,1,1
10.1371/journal.pone.0077433,2019-12-05,10.1371/journal.pone.0226310,PLoS,,0,1
10.1155/2018/2321053,2019-12-15,10.1155/2019/4785406,Hindawi,,0,1
10.1164/rccm.200605-662oc,2019-12-15,10.1164/rccm.20012eoc,American Thoracic Society,,0,1
10.1371/journal.pone.0050360,2019-12-27,10.1371/journal.pone.0227390,PLoS,,0,1
10.1038/s41598-019-48018-2,2020-01-07,10.1038/s41598-019-48018-2,Springer - Nature Publishing Group,365,1,1
10.1007/s40261-019-00862-w,2020-01-08,10.1007/s40261-019-00884-4,Springer,404,1,1
10.1258/ebm.2012.012148,2020-01-09,10.1177/1535370219899001,SAGE Publications,,0,1
10.1371/journal.pone.0149388,2020-01-15,10.1371/journal.pone.0227851,PLoS,,0,1
10.1161/atvbaha.108.163303,2020-01-22,10.1161/atv.0000000000000094,American Heart Association,,0,1
10.2119/molmed.2010.00126,2020-01-30,10.1186/s10020-020-0140-z,Springer - Biomed Central (BMC),335,1,1
10.3389/fnut.2017.00051,2020-01-31,10.3389/fnut.2019.00198,Frontiers,285,1,1
10.2119/molmed.2013.00086,2020-02-03,10.1186/s10020-020-0143-9,Springer - Biomed Central (BMC),331,1,1
10.2119/molmed.2014.00183,2020-02-03,10.1186/s10020-020-0142-x,Springer - Biomed Central (BMC),331,1,1
10.2119/molmed.2011.00389,2020-02-04,10.1186/s10020-020-0144-8,Springer - Biomed Central (BMC),330,1,1
10.1097/corr.0000000000001023,2020-02-04,10.1097/corr.0000000000001088,Wolters Kluwer - Lippincott Williams & Wilkins,,0,1
10.1161/hypertensionaha.119.14508,2020-02-05,10.1161/hyp.0000000000000098,American Heart Association,54,1,1
10.1038/cgt.2016.51,2020-02-06,10.1038/s41417-020-0165-z,Springer - Nature Publishing Group,,0,1
10.1038/srep04136,2020-02-10,10.1038/srep04136,Springer - Nature Publishing Group,290,1,1
10.1161/circulationaha.114.012089,2020-02-10,10.1161/cir.0000000000000761,American Heart Association,,0,1
10.2466/pms.1972.35.3.945,2020-02-10,10.1177/0031512520901993,SAGE Publications,,0,1
10.2466/pms.1959.9.3.405,2020-02-10,10.1177/0031512520901993,SAGE Publications,,0,1
10.2466/pms.1993.76.3.837,2020-02-10,10.1177/0031512520901993,SAGE Publications,,0,1
10.2466/pms.1991.72.2.443,2020-02-10,10.1177/0031512520901993,SAGE Publications,,0,1
10.2466/pms.1991.72.2.427,2020-02-10,10.1177/0031512520901993,SAGE Publications,,0,1
10.2466/pms.1981.53.3.842,2020-02-10,10.1177/0031512520901993,SAGE Publications,,0,1
10.2466/pms.1980.50.3c.1325,2020-02-10,10.1177/0031512520901993,SAGE Publications,,0,1
10.2466/pms.1979.49.3.859,2020-02-10,10.1177/0031512520901993,SAGE Publications,,0,1
10.2466/pms.1979.49.3.795,2020-02-10,10.1177/0031512520901993,SAGE Publications,,0,1
10.2466/pms.1974.39.1.315,2020-02-10,10.1177/0031512520901993,SAGE Publications,,0,1
10.2466/pms.1972.34.3.873,2020-02-10,10.1177/0031512520901993,SAGE Publications,,0,1
10.2466/pms.1972.34.2.396,2020-02-10,10.1177/0031512520901993,SAGE Publications,,0,1
10.2466/pms.1971.33.2.461,2020-02-10,10.1177/0031512520901993,SAGE Publications,,0,1
10.2466/pms.1971.33.2.375,2020-02-10,10.1177/0031512520901993,SAGE Publications,,0,1
10.2466/pms.1971.33.1.216,2020-02-10,10.1177/0031512520901993,SAGE Publications,,0,1
10.2466/pms.1971.32.3.817,2020-02-10,10.1177/0031512520901993,SAGE Publications,,0,1
10.2466/pms.1971.32.2.637,2020-02-10,10.1177/0031512520901993,SAGE Publications,,0,1
10.2466/pms.1970.30.3.925,2020-02-10,10.1177/0031512520901993,SAGE Publications,,0,1
10.2466/pms.1970.30.2.589,2020-02-10,10.1177/0031512520901993,SAGE Publications,,0,1
10.2466/pms.1969.28.3.992,2020-02-10,10.1177/0031512520901993,SAGE Publications,,0,1
10.2466/pms.1967.24.3c.1047,2020-02-10,10.1177/0031512520901993,SAGE Publications,,0,1
10.2466/pr0.1995.76.3.711,2020-02-10,10.1177/0033294120901991,SAGE Publications,,0,1
10.2466/pr0.1995.76.1.298,2020-02-10,10.1177/0033294120901991,SAGE Publications,,0,1
10.2466/pr0.1993.73.1.59,2020-02-10,10.1177/0033294120901991,SAGE Publications,,0,1
10.2466/pr0.1987.61.1.50,2020-02-10,10.1177/0033294120901991,SAGE Publications,,0,1
10.2466/pr0.1982.51.2.531,2020-02-10,10.1177/0033294120901991,SAGE Publications,,0,1
10.2466/pr0.1959.5.3.592,2020-02-10,10.1177/0033294120901991,SAGE Publications,,0,1
10.2466/pr0.1959.5.h.570,2020-02-10,10.1177/0033294120901991,SAGE Publications,,0,1
10.2466/pr0.1959.5.h.395,2020-02-10,10.1177/0033294120901991,SAGE Publications,,0,1
10.2466/pr0.1980.47.3f.1235,2020-02-10,10.1177/0033294120901991,SAGE Publications,,0,1
10.2466/pr0.1980.46.3.893,2020-02-10,10.1177/0033294120901991,SAGE Publications,,0,1
10.2466/pr0.1979.44.3c.1023,2020-02-10,10.1177/0033294120901991,SAGE Publications,,0,1
10.2466/pr0.1978.43.3f.1247,2020-02-10,10.1177/0033294120901991,SAGE Publications,,0,1
10.2466/pr0.1978.42.3c.1103,2020-02-10,10.1177/0033294120901991,SAGE Publications,,0,1
10.2466/pr0.1977.41.3f.1257,2020-02-10,10.1177/0033294120901991,SAGE Publications,,0,1
10.2466/pr0.1977.40.3c.1023,2020-02-10,10.1177/0033294120901991,SAGE Publications,,0,1
10.2466/pr0.1977.40.1.183,2020-02-10,10.1177/0033294120901991,SAGE Publications,,0,1
10.2466/pr0.1958.4.h.453,2020-02-10,10.1177/0033294120901991,SAGE Publications,,0,1
10.2466/pr0.1976.39.3.1011,2020-02-10,10.1177/0033294120901991,SAGE Publications,,0,1
10.2466/pr0.1976.39.2.463,2020-02-10,10.1177/0033294120901991,SAGE Publications,,0,1
10.2466/pr0.1976.38.3.956,2020-02-10,10.1177/0033294120901991,SAGE Publications,,0,1
10.2466/pr0.1976.38.1.163,2020-02-10,10.1177/0033294120901991,SAGE Publications,,0,1
10.2466/pr0.1967.20.1.45,2020-02-10,10.1177/0033294120901991,SAGE Publications,,0,1
10.2466/pms.1967.24.1.73,2020-02-10,10.1177/0031512520901993,SAGE Publications,,0,1
10.2466/pms.1966.22.1.273,2020-02-10,10.1177/0031512520901993,SAGE Publications,,0,1
10.2466/pms.1964.18.1.173,2020-02-10,10.1177/0031512520901993,SAGE Publications,,0,1
10.2466/pms.1962.15.2.405,2020-02-10,10.1177/0031512520901993,SAGE Publications,,0,1
10.2466/pms.1962.15.2.389,2020-02-10,10.1177/0031512520901993,SAGE Publications,,0,1
10.2466/pms.1962.15.1.229,2020-02-10,10.1177/0031512520901993,SAGE Publications,,0,1
10.2466/pms.1961.12.2.169,2020-02-10,10.1177/0031512520901993,SAGE Publications,,0,1
10.2466/pms.1961.12.2.161,2020-02-10,10.1177/0031512520901993,SAGE Publications,,0,1
10.2466/pms.1960.11.2.228,2020-02-10,10.1177/0031512520901993,SAGE Publications,,0,1
10.2466/pms.1960.11.2.221,2020-02-10,10.1177/0031512520901993,SAGE Publications,,0,1
10.2466/pms.1960.11.2.129,2020-02-10,10.1177/0031512520901993,SAGE Publications,,0,1
10.2466/pr0.1956.2.3.117,2020-02-10,10.1177/0033294120901991,SAGE Publications,,0,1
10.2466/pr0.1964.14.2.513,2020-02-10,10.1177/0033294120901991,SAGE Publications,,0,1
10.2466/pr0.1955.1.g.3,2020-02-10,10.1177/0033294120901991,SAGE Publications,,0,1
10.2466/pms.1960.11.1.91,2020-02-10,10.1177/0031512520901993,SAGE Publications,,0,1
10.2466/pms.1960.11.1.21,2020-02-10,10.1177/0031512520901993,SAGE Publications,,0,1
10.2466/pms.1960.10.2.93,2020-02-10,10.1177/0031512520901993,SAGE Publications,,0,1
10.2466/pms.1982.54.2.494,2020-02-10,10.1177/0031512520901993,SAGE Publications,,0,1
10.1016/s0191-8869(97)00099-8,2020-02-14,10.1016/j.paid.2020.109855,Elsevier,,0,1
10.1016/s0191-8869(95)00123-9,2020-02-14,10.1016/j.paid.2020.109855,Elsevier,,0,1
10.1016/0191-8869(88)90125-0,2020-02-14,10.1016/j.paid.2020.109855,Elsevier,,0,1
10.1093/toxsci/kfq335,2020-02-17,10.1093/toxsci/kfaa012,Oxford University Press,,0,1
10.1093/toxsci/kfp259,2020-02-17,10.1093/toxsci/kfaa011,Oxford University Press,,0,1
10.1371/journal.pone.0052408,2020-02-18,10.1371/journal.pone.0229516,PLoS,,0,1
10.1007/s00414-018-1789-5,2020-02-26,10.1007/s00414-018-1789-5,Springer,559,1,1
10.1007/s12011-017-1085-0,2020-02-28,10.1007/s12011-017-1085-0,Springer,995,1,1
10.1007/s12011-015-0570-6,2020-02-28,10.1007/s12011-015-0570-6,Springer,,0,1
10.1007/s12011-019-01720-8,2020-02-28,10.1007/s12011-019-01720-8,Springer,,0,1
10.1007/s12011-015-0600-4,2020-02-28,10.1007/s12011-015-0600-4,Springer,,0,1
10.1007/s12011-017-1148-2,2020-02-28,10.1007/s12011-017-1148-2,Springer,,0,1
10.1007/s12011-017-1236-3,2020-02-28,10.1007/s12011-017-1236-3,Springer,,0,1
10.1007/s12011-015-0480-7,2020-02-28,10.1007/s12011-015-0480-7,Springer,,0,1
10.1007/s12011-016-0911-0,2020-02-28,10.1007/s12011-016-0911-0,Springer,,0,1
10.1007/s12011-017-1056-5,2020-02-28,10.1007/s12011-017-1056-5,Springer,,0,1
10.1111/1471-0528.15503,2020-03-05,10.1111/1471-0528.16082,Wiley,267,1,1
10.1074/jbc.m402037200,2020-03-06,10.1074/jbc.ec120.012927,American Society for Biochemistry and Molecular Biology (ASBMB),245,1,1
10.1074/jbc.m308488200,2020-03-06,10.1074/jbc.ec120.012926,American Society for Biochemistry and Molecular Biology (ASBMB),245,1,1
10.1161/strokeaha.117.019701,2020-03-11,10.1161/str.0000000000000226,American Heart Association,,0,1
10.1161/strokeaha.118.020829,2020-03-11,10.1161/str.0000000000000226,American Heart Association,,0,1
10.1158/1078-0432.ccr-10-0529,2020-03-13,10.1158/1078-0432.ccr-20-0412,American Association for Cancer Research,,0,1
10.1158/1078-0432.ccr-09-3174,2020-03-13,10.1158/1078-0432.ccr-20-0310,American Association for Cancer Research,,0,1
10.1158/1078-0432.ccr-15-1130,2020-03-13,10.1158/1078-0432.ccr-20-0338,American Association for Cancer Research,,0,1
10.1080/15384101.2020.1717044,2020-03-15,10.1080/15384101.2022.2151242,Taylor and Francis,,0,1
10.1080/21691401.2019.1699806,2020-03-17,10.1080/21691401.2020.1741861,Taylor and Francis,688,1,1
10.1080/21691401.2019.1636805,2020-03-17,10.1080/21691401.2020.1741841,Taylor and Francis,511,1,1
10.1080/21691401.2019.1640233,2020-03-17,10.1080/21691401.2020.1741909,Taylor and Francis,385,1,1
10.1080/21691401.2019.1621328,2020-03-17,10.1080/21691401.2020.1741843,Taylor and Francis,385,1,1
10.1080/21691401.2019.1629953,2020-03-17,10.1080/21691401.2020.1741860,Taylor and Francis,66,1,1
10.1080/21691401.2019.1671429,2020-03-17,10.1080/21691401.2020.1741848,Taylor and Francis,218,1,1
10.1080/21691401.2019.1632870,2020-03-17,10.1080/21691401.2020.1741884,Taylor and Francis,218,1,1
10.1080/21691401.2019.1709861,2020-03-17,10.1080/21691401.2020.1741911,Taylor and Francis,218,1,1
10.1080/21691401.2019.1610413,2020-03-17,10.1080/21691401.2020.1741878,Taylor and Francis,,0,1
10.1080/21691401.2019.1687506,2020-03-17,10.1080/21691401.2020.1741866,Taylor and Francis,,0,1
10.1080/21691401.2019.1638795,2020-03-17,10.1080/21691401.2020.1741862,Taylor and Francis,,0,1
10.1080/21691401.2019.1617725,2020-03-17,10.1080/21691401.2020.1741784,Taylor and Francis,,0,1
10.1080/21691401.2019.1664559,2020-03-17,10.1080/21691401.2020.1741283,Taylor and Francis,,0,1
10.1038/s41598-019-49660-6,2020-03-24,10.1038/s41598-020-62398-w,Springer - Nature Publishing Group,,0,1
10.1007/s00125-014-3293-x,2020-03-25,10.1007/s00125-014-3293-x,Springer,,0,1
10.1186/s12934-019-1189-7,2020-03-25,10.1186/s12934-020-01327-y,Springer - Biomed Central (BMC),,0,1
10.1371/journal.pone.0110802,2020-04-01,10.1371/journal.pone.0231371,PLoS,,0,1
10.1158/1078-0432.ccr-08-0869,2020-04-01,10.1158/1078-0432.ccr-20-0654,American Association for Cancer Research,,0,1
10.1093/nar/gkg728,2020-04-02,10.1093/nar/gkaa228,Oxford University Press,,0,1
10.1371/journal.pone.0061595,2020-04-02,10.1371/journal.pone.0231469,PLoS,,0,1
10.1371/journal.pone.0064976,2020-04-02,10.1371/journal.pone.0231520,PLoS,,0,1
10.1093/gji/ggz273,2020-04-07,10.1093/gji/ggaa139,Oxford University Press,73,1,1
10.1093/gji/ggz145,2020-04-07,10.1093/gji/ggaa138,Oxford University Press,73,1,1
10.1093/gji/ggz200,2020-04-07,10.1093/gji/ggaa140,Oxford University Press,73,1,1
10.1093/gji/ggz130,2020-04-07,10.1093/gji/ggaa132,Oxford University Press,73,1,1
10.1093/gji/ggy487,2020-04-07,10.1093/gji/ggaa135,Oxford University Press,73,1,1
10.1093/gji/ggy267,2020-04-07,10.1093/gji/ggaa137,Oxford University Press,73,1,1
10.1093/gji/ggx422,2020-04-07,10.1093/gji/ggaa131,Oxford University Press,73,1,1
10.1093/gji/ggx420,2020-04-07,10.1093/gji/ggaa134,Oxford University Press,73,1,1
10.1093/gji/ggx371,2020-04-07,10.1093/gji/ggaa133,Oxford University Press,73,1,1
10.1093/gji/ggw492,2020-04-07,10.1093/gji/ggaa136,Oxford University Press,73,1,1
10.4161/cbt.5.7.2754,2020-04-07,10.1080/15384047.2020.1752966,Taylor and Francis,,0,1
10.3109/08923973.2011.613400,2020-04-07,10.1080/08923973.2020.1750753,Taylor and Francis,,0,1
10.3109/1354750x.2014.924997,2020-04-07,10.1080/1354750x.2020.1751939,Taylor and Francis,,0,1
10.1080/13547500802030363,2020-04-07,10.1080/1354750x.2020.1751942,Taylor and Francis,,0,1
10.3109/02656736.2015.1091953,2020-04-07,10.1080/02656736.2020.1752015,Taylor and Francis,,0,1
10.3109/00498254.2015.1021733,2020-04-07,10.1080/00498254.2020.1750788,Taylor and Francis,,0,1
10.1080/21645515.2015.1063755,2020-04-07,10.1080/21645515.2020.1751565,Taylor and Francis,,0,1
10.1038/ncomms12879,2020-04-08,10.1038/ncomms12879,Springer - Nature Publishing Group,231,1,1
10.2147/cmar.s219535,2020-04-08,10.2147/cmar.s256769,Taylor and Francis - Dove Press,,0,1
10.3109/00365510903268818,2020-04-08,10.1080/00365513.2020.1751950,Taylor and Francis,,0,1
10.3109/08923973.2015.1096286,2020-04-08,10.1080/08923973.2020.1750754,Taylor and Francis,,0,1
10.1007/s00280-014-2379-y,2020-04-10,10.1007/s00280-020-04044-w,Springer,,0,1
10.3109/1354750x.2012.672458,2020-04-10,10.1080/1354750x.2020.1751941,Taylor and Francis,,0,1
10.1016/j.ijantimicag.2020.105949,2020-04-11,unavailable,Elsevier,1710,1,1
10.1371/journal.pone.0027887,2020-04-13,10.1371/journal.pone.0231298,PLoS,,0,1
10.1080/21691401.2019.1637884,2020-04-14,10.1080/21691401.2020.1752025,Taylor and Francis,660,1,1
10.1080/21691401.2019.1617727,2020-04-14,10.1080/21691401.2020.1752024,Taylor and Francis,38,1,1
10.1021/jacs.7b06847,2020-04-14,10.1021/jacs.0c02795,American Chemical Society (ACS),220,1,1
10.1080/21691401.2019.1593857,2020-04-14,10.1080/21691401.2020.1752023,Taylor and Francis,191,1,1
10.3109/0886022x.2013.876350,2020-04-14,10.1080/0886022x.2020.1752428,Taylor and Francis,,0,1
10.1371/journal.pone.0042685,2020-04-14,10.1371/journal.pone.0231923,PLoS,,0,1
10.1371/journal.pone.0098885,2020-04-14,10.1371/journal.pone.0231686,PLoS,,0,1
10.1046/j.1468-2982.1997.1701042.x,2020-04-14,10.1177/0333102420920183,SAGE Publications,,0,1
10.1046/j.1468-2982.1998.1801060.x,2020-04-14,10.1177/0333102420920183,SAGE Publications,,0,1
10.1007/s00394-015-1042-7,2020-04-16,10.1007/s00394-015-1042-7,Springer,,0,1
10.2147/tcrm.s84579,2020-04-17,10.2147/tcrm.s257421,Taylor and Francis - Dove Press,,0,1
10.1007/s00405-019-05305-y,2020-04-17,10.1007/s00405-020-05957-1,Springer,,0,1
10.1007/s12672-016-0278-x,2020-04-20,10.1007/s12672-016-0278-x,Springer,,0,1
10.2147/tcrm.s82251,2020-04-20,10.2147/tcrm.s257420,Taylor and Francis - Dove Press,,0,1
10.2147/ott.s31387,2020-04-20,10.2147/ott.s257418,Taylor and Francis - Dove Press,,0,1
10.1371/journal.pone.0182693,2020-04-20,10.1371/journal.pone.0230324,PLoS,,0,1
10.1126/scitranslmed.aax7533,2020-04-22,10.1126/scitranslmed.abb9997,American Association for the Advancement of Science (AAAS),,0,1
10.2147/cpaa.s72234,2020-04-23,10.2147/cpaa.s240233,Taylor and Francis - Dove Press,314,1,1
10.2147/ndt.s74952,2020-04-23,10.2147/ndt.s240234,Taylor and Francis - Dove Press,314,1,1
10.2147/cpaa.s70707,2020-04-23,10.2147/cpaa.s240231,Taylor and Francis - Dove Press,314,1,1
10.2147/cpaa.s67271,2020-04-23,10.2147/cpaa.s240229,Taylor and Francis - Dove Press,314,1,1
10.2147/ndt.s33259,2020-04-23,10.2147/ndt.s240228,Taylor and Francis - Dove Press,314,1,1
10.2147/ijnrd.s22783,2020-04-23,10.2147/ijnrd.s240218,Taylor and Francis - Dove Press,314,1,1
10.2147/dhps.s24798,2020-04-23,10.2147/dhps.s240223,Taylor and Francis - Dove Press,237,1,1
10.2147/ijgm.s27824,2020-04-23,10.2147/ijgm.s240225,Taylor and Francis - Dove Press,237,1,1
10.2147/ceg.s15340,2020-04-23,10.2147/ceg.s240086,Taylor and Francis - Dove Press,237,1,1
10.2147/ndt.s98367,2020-04-23,10.2147/ndt.s240235,Taylor and Francis - Dove Press,237,1,1
10.2147/ndt.s14353,2020-04-23,10.2147/ndt.s240080,Taylor and Francis - Dove Press,237,1,1
10.2147/dhps.s67328,2020-04-23,10.2147/dhps.s240230,Taylor and Francis - Dove Press,237,1,1
10.2147/ijgm.s31179,2020-04-23,10.2147/ijgm.s240227,Taylor and Francis - Dove Press,237,1,1
10.2147/ndt.s23676,2020-04-23,10.2147/ndt.s240221,Taylor and Francis - Dove Press,237,1,1
10.2147/oaju.s16637,2020-04-23,10.2147/rru.s240215,Taylor and Francis - Dove Press,237,1,1
10.2147/ijgm.s16621,2020-04-23,10.2147/ijgm.s240091,Taylor and Francis - Dove Press,237,1,1
10.2147/ndt.s16270,2020-04-23,10.2147/ndt.s240087,Taylor and Francis - Dove Press,237,1,1
10.2147/oaju.s13370,2020-04-23,10.2147/rru.s240076,Taylor and Francis - Dove Press,237,1,1
10.2147/ndt.s11704,2020-04-23,10.2147/ndt.s240069,Taylor and Francis - Dove Press,237,1,1
10.2147/ndt.s5040,2020-04-23,10.2147/ndt.s240222,Taylor and Francis - Dove Press,237,1,1
10.1111/j.1753-4887.2006.tb00184.x,2020-04-28,10.1093/nutrit/nuaa026,Oxford University Press,,0,1
10.1111/j.1753-4887.2011.00380.x,2020-04-28,10.1093/nutrit/nuaa027,Oxford University Press,,0,1
10.1093/gigascience/giz151,2020-04-29,10.1093/gigascience/giaa040,Oxford University Press,377,1,1
10.1098/rspb.2013.1407,2020-04-29,10.1098/rspb.2020.0846,Royal Society Publishing,315,1,1
10.1038/nature26142,2020-04-29,10.1038/s41586-020-2252-6,Springer - Nature Publishing Group,313,1,1
10.1098/rspb.2015.1766,2020-04-29,10.1098/rspb.2020.0849,Royal Society Publishing,,0,1
10.1098/rspb.2016.1409,2020-04-29,10.1098/rspb.2020.0850,Royal Society Publishing,,0,1
10.1098/rspb.2015.2888,2020-04-29,10.1098/rspb.2020.0847,Royal Society Publishing,91,1,1
10.1098/rspb.2014.1424,2020-04-29,10.1098/rspb.2020.0848,Royal Society Publishing,,0,1
10.1007/s11255-018-1973-z,2020-04-30,10.1007/s11255-018-1973-z,Springer,,0,1
10.1007/s11255-016-1399-4,2020-04-30,10.1007/s11255-016-1399-4,Springer,,0,1
10.1038/ejcn.2013.296,2020-05-04,10.1038/ejcn.2013.296,Springer - Nature Publishing Group,,0,1
10.1038/ejcn.2012.189,2020-05-04,10.1038/ejcn.2012.189,Springer - Nature Publishing Group,,0,1
10.1038/nature17620,2020-05-05,10.1038/s41586-020-2274-0,Springer - Nature Publishing Group,78,1,1
10.1186/s12902-018-0248-0,2020-05-06,10.1186/s12902-018-0248-0,Springer - Biomed Central (BMC),,0,1
10.1073/pnas.1400850111,2020-05-07,10.1073/pnas.2008526117,National Academy of Sciences (NAS),1474,1,1
10.1007/s10854-018-9080-6,2020-05-08,10.1007/s10854-020-03462-z,Springer,,0,1
10.1007/s10854-017-7795-4,2020-05-08,10.1007/s10854-020-03459-8,Springer,,0,1
10.1007/s10854-018-8576-4,2020-05-08,10.1007/s10854-020-03464-x,Springer,,0,1
10.1007/s10854-018-8910-x,2020-05-08,10.1007/s10854-020-03463-y,Springer,,0,1
10.1007/s10854-018-8723-y,2020-05-08,10.1007/s10854-020-03461-0,Springer,,0,1
10.4161/cbt.7.8.6302,2020-05-13,10.1080/15384047.2020.1765662,Taylor and Francis,,0,1
10.1186/s12958-017-0316-8,2020-05-25,10.1186/s12958-020-00609-9,Springer - Biomed Central (BMC),,0,1
10.1136/tobaccocontrol-2019-055521,2020-05-26,10.1136/tobaccocontrol-2019-055521,BMJ Publishing,388,1,1
10.1007/s00404-015-3767-1,2020-05-27,10.1007/s00404-015-3767-1,Springer,426,1,1
10.1007/s00210-020-01815-3,2020-05-29,10.1007/s00210-020-01815-3,Springer,413,1,1
10.1007/s00210-019-01639-w,2020-05-29,10.1007/s00210-019-01639-w,Springer,413,1,1
10.1186/s12944-018-0814-5,2020-05-29,10.1186/s12944-018-0814-5,Springer - Biomed Central (BMC),,0,1
10.1007/s00210-019-01770-8,2020-05-29,10.1007/s00210-019-01770-8,Springer,193,1,1
10.1007/s00210-019-01746-8,2020-05-29,10.1007/s00210-019-01746-8,Springer,181,1,1
10.1007/s00210-019-01778-0,2020-05-29,10.1007/s00210-019-01778-0,Springer,183,1,1
10.1007/s00210-019-01687-2,2020-05-29,10.1007/s00210-019-01687-2,Springer,181,1,1
10.1158/1541-7786.mcr-16-0309,2020-06-02,10.1158/1541-7786.mcr-20-0341,American Association for Cancer Research,764,1,1
10.1056/nejmoa2007621,2020-06-02,10.1056/nejme2020822,Massachusetts Historical Society,2,1,1
10.1016/s0140-6736(20)31180-6,2020-06-03,10.1016/s0140-6736(20)31290-3,Elsevier,2,1,1
10.1007/s11095-008-9634-z,2020-06-05,10.1007/s11095-008-9634-z,Springer - Nature Publishing Group,224,1,1
10.1098/rsob.180118,2020-06-10,10.1098/rsob.200151,Royal Society Publishing,42,1,1
10.1098/rsob.180132,2020-06-10,10.1098/rsob.200152,Royal Society Publishing,42,1,1
10.1128/msphere.00352-16,2020-06-10,10.1128/msphere.00489-20,American Society for Microbiology,,0,1
10.1007/s00439-017-1759-x,2020-06-11,10.1007/s00439-017-1759-x,Springer,548,1,1
10.1038/s41423-020-0424-9,2020-06-15,10.1038/s41423-020-0424-9,Springer - Nature Publishing Group,25,1,1
10.14310/horm.2002.1489,2020-06-16,10.14310/horm.2002.1489,Springer,,0,1
10.1042/bsr20191370,2020-06-22,10.1042/bsr-20191370_eoc,Portland Press,,0,1
10.1007/s10509-019-3678-x,2020-06-23,10.1007/s10509-019-3678-x,Springer,100,1,1
10.1042/bsr20193800,2020-06-24,10.1042/bsr-20193800_eoc,Portland Press,880,1,1
10.1042/bsr20194237,2020-06-24,10.1042/bsr-20194237_eoc,Portland Press,314,1,1
10.1042/bsr20192639,2020-06-24,10.1042/bsr-20192639_eoc,Portland Press,299,1,1
10.1042/bsr20200559,2020-06-24,10.1042/bsr-20200559_eoc,Portland Press,,0,1
10.1042/bsr20182193,2020-06-24,10.1042/bsr-20182193_eoc,Portland Press,40,1,1
10.1042/bsr20180226,2020-06-24,10.1042/bsr-20180226_eoc,Portland Press,27,1,1
10.1042/bsr20200221,2020-06-24,10.1042/bsr-20200221_eoc,Portland Press,9,1,1
10.1042/bsr20200225,2020-06-24,10.1042/bsr-20200225_eoc,Portland Press,8,1,1
10.1038/s41929-018-0200-8,2020-06-25,10.1038/s41929-020-0484-3,Springer - Nature Publishing Group,314,1,1
10.1186/s12890-019-0956-x,2020-06-25,10.1186/s12890-019-0956-x,Springer - Biomed Central (BMC),168,1,1
10.1042/bsr20190700,2020-06-25,10.1042/bsr-20190700_eoc,Portland Press,68,1,1
10.1042/bsr20181815,2020-06-25,10.1042/bsr-20181815_eoc,Portland Press,27,1,1
10.1074/jbc.m502190200,2020-06-26,10.1074/jbc.ec120.014564,Elsevier,307,1,1
10.1074/jbc.m113.473397,2020-06-26,10.1074/jbc.ec120.014572,Elsevier,307,1,1
10.1074/jbc.m113.525014,2020-06-26,10.1074/jbc.ec120.014573,Elsevier,307,1,1
10.1074/jbc.m807191200,2020-06-26,10.1074/jbc.ec120.014567,Elsevier,307,1,1
10.1074/jbc.m408708200,2020-06-26,10.1074/jbc.ec120.014563,American Society for Biochemistry and Molecular Biology (ASBMB),307,1,1
10.1074/jbc.m312895200,2020-06-26,10.1074/jbc.ec120.014562,American Society for Biochemistry and Molecular Biology (ASBMB),307,1,1
10.1074/jbc.m112.383265,2020-06-26,10.1074/jbc.ec120.014571,Elsevier,307,1,1
10.1074/jbc.m800436200,2020-06-26,10.1074/jbc.ec120.014565,Elsevier,307,1,1
10.1074/jbc.m805483200,2020-06-26,10.1074/jbc.ec120.014566,Elsevier,307,1,1
10.1074/jbc.m109.028621,2020-06-26,10.1074/jbc.ec120.014569,Elsevier,321,1,1
10.1074/jbc.m110.109876,2020-06-26,10.1074/jbc.ec120.014570,Elsevier,321,1,1
10.1074/jbc.m109.002105,2020-06-26,10.1074/jbc.ec120.014568,Elsevier,321,1,1
10.1042/bsr20191123,2020-06-26,10.1042/bsr-20191123_eoc,Portland Press,38,1,1
10.1042/bsr20193176,2020-06-26,10.1042/bsr-20193176_eoc,Portland Press,,0,1
10.1016/j.jmig.2011.03.015,2020-06-29,10.1016/j.jmig.2020.06.018,Elsevier,,0,1
10.1016/j.jmig.2012.11.006,2020-06-29,10.1016/j.jmig.2020.06.018,Elsevier,,0,1
10.1042/bsr20190159,2020-06-30,10.1042/bsr-20190159_eoc,Portland Press,,0,1
10.1039/d0gc01329c,2020-07-01,10.1039/d0gc90074e,Royal Society of Chemistry (RSC),673,1,1
10.1007/s12665-015-4970-x,2020-07-01,10.1007/s12665-020-09030-2,Springer,,0,1
10.1039/c7nj03471g,2020-07-01,10.1039/d0nj90095h,Royal Society of Chemistry (RSC),,0,1
10.1042/bsr20190696,2020-07-02,10.1042/bsr-20190696_eoc,Portland Press,790,1,1
10.1042/bsr20182196,2020-07-02,10.1042/bsr-20182196_eoc,Portland Press,438,1,1
10.1042/bsr20160523,2020-07-02,10.1042/bsr-20160523_eoc,Portland Press,316,1,1
10.1042/bsr20181635,2020-07-02,10.1042/bsr-20181635_eoc,Portland Press,306,1,1
10.1042/bsr20190819,2020-07-02,10.1042/bsr-20190819_eoc,Portland Press,294,1,1
10.1042/bsr20191221,2020-07-02,10.1042/bsr-20191221_eoc,Portland Press,286,1,1
10.1042/bsr20191226,2020-07-02,10.1042/bsr-20191226_eoc,Portland Press,214,1,1
10.1042/bsr20192104,2020-07-02,10.1042/bsr-20192104_eoc,Portland Press,7,1,1
10.1016/j.vaccine.2013.08.006,2020-07-02,10.1016/j.vaccine.2020.06.048,Elsevier,,0,1
10.1016/j.vaccine.2012.12.022,2020-07-02,10.1016/j.vaccine.2020.06.048,Elsevier,,0,1
10.1042/bsr20181788,2020-07-02,10.1042/bsr-20181788_eoc,Portland Press,,0,1
10.1177/002076406200800302,2020-07-04,10.1177/0020764020925650,SAGE Publications,,0,1
10.1177/002076406000600104,2020-07-04,10.1177/0020764020925650,SAGE Publications,,0,1
10.1177/002076406000500424,2020-07-04,10.1177/0020764020925650,SAGE Publications,,0,1
10.1177/002076408503100301,2020-07-04,10.1177/0020764020925650,SAGE Publications,,0,1
10.1042/cs20191235,2020-07-06,10.1042/cs-20191235_eoc,Portland Press,,0,1
10.1177/003591576005300705,2020-07-06,10.1177/0141076820941361,SAGE Publications,,0,1
10.1177/003591574604000209,2020-07-06,10.1177/0141076820941361,SAGE Publications,,0,1
10.1177/003591574303600713,2020-07-06,10.1177/0141076820941361,SAGE Publications,,0,1
10.1042/bsr20191453,2020-07-07,10.1042/bsr-20191453_eoc,Portland Press,10,1,1
10.2147/ott.s182657,2020-07-09,10.2147/ott.s270252,Taylor and Francis - Dove Press,1112,1,1
10.1007/s00265-016-2184-1,2020-07-09,10.1007/s00265-016-2184-1,Springer,244,1,1
10.1007/s00265-011-1208-0,2020-07-09,10.1007/s00265-011-1208-0,Springer,245,1,1
10.1002/ddr.21564,2020-07-09,10.1002/ddr.21718,Wiley,,0,1
10.2147/ott.s108890,2020-07-14,10.2147/ott.s270251,Taylor and Francis - Dove Press,1078,1,1
10.2147/ott.s77709,2020-07-14,10.2147/ott.s270253,Taylor and Francis - Dove Press,1078,1,1
10.1177/0305735613482025,2020-07-15,10.1177/0305735620943366,SAGE Publications,85,1,1
10.1093/eurheartj/ehw660,2020-07-16,10.1093/eurheartj/ehaa556,Oxford University Press,,0,1
10.1093/eurheartj/ehw541,2020-07-16,10.1093/eurheartj/ehaa556,Oxford University Press,,0,1
10.1042/cs20070193,2020-07-17,10.1042/cs-20070193_eoc,Portland Press,,0,1
10.1042/bsr20180177,2020-07-22,10.1042/bsr-20180177_eoc,Portland Press,782,1,1
10.1042/bsr20200422,2020-07-24,10.1042/bsr-20200422_eoc,Portland Press,319,1,1
10.1042/bsr20170803,2020-07-27,10.1042/bsr-20170803_eoc,Portland Press,322,1,1
10.1042/bsr20170711,2020-07-27,10.1042/bsr-20170711_eoc,Portland Press,316,1,1
10.1042/bsr20181175,2020-07-29,10.1042/bsr-20181175_eoc,Portland Press,373,1,1
10.1042/bsr20171070,2020-07-29,10.1042/bsr-20171070_eoc,Portland Press,68,1,1
10.1042/bsr20180420,2020-07-30,10.1042/bsr-20180420_eoc,Portland Press,441,1,1
10.1042/bsr20190976,2020-07-31,10.1042/bsr-20190976_eoc,Portland Press,392,1,1
10.1159/000485488,2020-08-01,10.33594/000000270,Cellular Physiol Biochem Press,334,1,1
10.1159/000481559,2020-08-01,10.33594/000000269,Cellular Physiol Biochem Press,,0,1
10.1016/j.jtcvs.2020.04.172,2020-08-04,10.1016/j.jtcvs.2020.07.086,Elsevier,,0,1
10.1042/bsr20180515,2020-08-04,10.1042/bsr-20180515_eoc,Portland Press,,0,1
10.1007/s00213-015-4095-7,2020-08-04,10.1007/s00213-020-05632-7,Springer,,0,1
10.1093/cvr/cvn315,2020-08-05,10.1093/cvr/cvaa232,Oxford University Press,,0,1
10.1186/s12879-016-1564-5,2020-08-05,10.1186/s12879-020-05284-0,Springer - Biomed Central (BMC),,0,1
10.1042/bsr20180896,2020-08-10,10.1042/bsr-20180896_eoc,Portland Press,1479,1,1
10.1038/srep42707,2020-08-10,10.1038/srep42707,Springer - Nature Publishing Group,253,1,1
10.1042/cs20200249,2020-08-10,10.1042/cs-20200249_eoc,Portland Press,154,1,1
10.1038/s41598-020-68291-w,2020-08-10,10.1038/s41598-020-68291-w,Springer - Nature Publishing Group,155,1,1
10.1002/jbt.20395,2020-08-12,10.1002/jbt.22598,Wiley,,0,1
10.1186/s13046-017-0661-7,2020-08-14,10.1186/s13046-017-0661-7,Springer - Biomed Central (BMC),665,1,1
10.1126/sciadv.aba5168,2020-08-14,10.1126/sciadv.abe3154,American Association for the Advancement of Science (AAAS),260,1,1
10.1161/jaha.116.004780,2020-08-14,10.1161/jaha.119.014585,American Heart Association,,0,1
10.1038/s41598-018-23105-y,2020-08-20,10.1038/s41598-018-23105-y,Springer - Nature Publishing Group,1084,1,1
10.1038/srep46603,2020-08-20,10.1038/srep46603,Springer - Nature Publishing Group,1084,1,1
10.1042/bsr20170109,2020-08-21,10.1042/bsr-20170109_eoc,Portland Press,291,1,1
10.1042/bsr20180776,2020-08-21,10.1042/bsr-20180776_eoc,Portland Press,291,1,1
10.1042/bsr20160542,2020-08-21,10.1042/bsr-20160542_eoc,Portland Press,238,1,1
10.1093/cvr/cvu220,2020-08-21,10.1093/cvr/cvaa248,Oxford University Press,,0,1
10.1177/0003489420929362,2020-08-22,10.1177/0003489420953748,SAGE Publications,,0,1
10.2807/1560-7917.es.2020.25.33.1900538,2020-08-24,10.2807/1560-7917.es.2020.25.34.200827ec,European Centre for Disease Prevention and Control,,0,1
10.1042/bsr20160532,2020-08-25,10.1042/bsr-20160532_eoc,Portland Press,367,1,1
10.1042/bsr20170710,2020-08-25,10.1042/bsr-20170710_eoc,Portland Press,241,1,1
10.1093/beheco/art096,2020-08-28,10.1093/beheco/araa073,Oxford University Press,746,1,1
10.1042/bsr20171523,2020-08-28,10.1042/bsr-20171523_eoc,Portland Press,403,1,1
10.1042/bsr20170743,2020-08-28,10.1042/bsr-20170743_eoc,Portland Press,238,1,1
10.26355/eurrev_202005_21188,2020-09-01,10.26355/eurrev_202009_22743,Verduci Editore,122,1,1
10.1172/jci89092,2020-09-01,10.1172/jci142404,American Society for Clinical Investigation,41,1,1
10.26355/eurrev_202005_21306,2020-09-01,10.26355/eurrev_202009_22747,Verduci Editore,,0,1
10.1016/j.ajp.2020.102052,2020-09-03,10.1016/j.ajp.2020.102409,Elsevier,61,1,1
10.1126/science.aaz9139,2020-09-04,10.1126/science.abe4308,American Association for the Advancement of Science (AAAS),35,1,1
10.1016/j.fertnstert.2008.04.065,2020-09-08,10.1016/j.fertnstert.2020.07.035,Elsevier,1052,1,1
10.1016/j.fertnstert.2008.01.016,2020-09-08,10.1016/j.fertnstert.2020.07.034,Elsevier,1052,1,1
10.1016/j.fertnstert.2007.08.034,2020-09-08,10.1016/j.fertnstert.2020.07.033,Elsevier,1052,1,1
10.1007/s12602-017-9343-1,2020-09-08,10.1007/s12602-017-9343-1,Springer,,0,1
10.1007/s12602-018-9405-z,2020-09-08,10.1007/s12602-018-9405-z,Springer,,0,1
10.1007/s12602-018-9468-x,2020-09-08,10.1007/s12602-018-9468-x,Springer,,0,1
10.1007/s12602-017-9313-7,2020-09-08,10.1007/s12602-017-9313-7,Springer,,0,1
10.1371/journal.pone.0233206,2020-09-09,10.1371/journal.pone.0239078,PLoS,,0,1
10.3389/fphar.2018.00050,2020-09-11,10.3389/fphar.2020.602201,Frontiers,,0,1
10.1038/s41586-019-1331-z,2020-09-18,10.1038/s41586-020-2756-0,Springer - Nature Publishing Group,68,1,1
10.1002/widm.1278,2020-09-20,10.1002/widm.1386,Wiley,,0,1
10.1111/cmi.12979,2020-09-22,10.1111/cmi.13259,Wiley,,0,1
10.1161/circresaha.111.250423,2020-09-25,10.1161/res.0000000000000439,American Heart Association,343,1,1
10.1042/bsr20180571,2020-09-28,10.1042/bsr-20180571_eoc,Portland Press,253,1,1
10.1042/bsr20160578,2020-09-28,10.1042/bsr-20160578_eoc,Portland Press,253,1,1
10.1007/s13105-019-00669-5,2020-09-30,10.1007/s13105-019-00669-5,Springer,517,1,1
10.1007/s13105-019-00698-0,2020-09-30,10.1007/s13105-019-00698-0,Springer,876,1,1
10.1074/jbc.ra118.003940,2020-10-01,10.1074/jbc.ec120.015927,American Society for Biochemistry and Molecular Biology (ASBMB),92,1,1
10.1242/bio.050575,2020-10-05,10.1242/bio.054924,The Company of Biologists,631,1,1
10.1242/bio.051482,2020-10-05,10.1242/bio.055525,The Company of Biologists,618,1,1
10.1007/s11999-015-4296-8,2020-10-05,10.1097/corr.0000000000001503,Wolters Kluwer - Lippincott Williams & Wilkins,,0,1
10.3389/fnagi.2016.00256,2020-10-07,10.3389/fnagi.2020.602204,Frontiers,,0,1
10.1007/s11999.0000000000000172,2020-10-09,10.1097/corr.0000000000001502,Wolters Kluwer - Lippincott Williams & Wilkins,,0,1
10.1007/s11999.0000000000000176,2020-10-09,10.1097/corr.0000000000001504,Wolters Kluwer - Lippincott Williams & Wilkins,,0,1
10.1080/08923973.2018.1455208,2020-10-12,10.1080/08923973.2020.1834204,Taylor and Francis,,0,1
10.1042/bj20061653,2020-10-14,10.1042/bj20061653_eoc,Portland Press,1437,1,1
10.1371/journal.pone.0239799,2020-10-14,10.1371/journal.pone.0240965,PLoS,1331,1,1
10.1038/s41598-018-34393-9,2020-10-14,10.1038/s41598-018-34393-9,Springer - Nature Publishing Group,495,1,1
10.1039/c3ra43120g,2020-10-19,10.1039/d0ra90102d,Royal Society of Chemistry (RSC),,0,1
10.1007/s12265-016-9686-0,2020-10-19,10.1007/s12265-020-10076-7,Springer,,0,1
10.1371/journal.pbio.1001040,2020-10-20,10.1371/journal.pbio.3000972,PLoS,745,1,1
10.1901/jaba.1974.7-173,2020-10-20,10.1002/jaba.781,Wiley,,0,1
10.1080/21691401.2019.1652626,2020-10-21,10.1080/21691401.2020.1827587,Taylor and Francis,1097,1,1
10.1080/21691401.2019.1623228,2020-10-21,10.1080/21691401.2020.1827585,Taylor and Francis,,0,1
10.1126/scitranslmed.aaa5038,2020-10-21,10.1126/scitranslmed.abf2620,American Association for the Advancement of Science (AAAS),,0,1
10.1093/jn/nxy116,2020-10-23,10.1093/jn/nxaa342,Oxford University Press,200,1,1
10.3945/ajcn.113.072785,2020-10-23,10.1093/ajcn/nqaa319,Oxford University Press,197,1,1
10.3945/ajcn.114.098616,2020-10-23,10.1093/ajcn/nqab072,Oxford University Press,197,1,1
10.3945/jn.115.218883,2020-10-24,10.1093/jn/nxaa341,Oxford University Press,199,1,1
10.3945/jn.113.177550,2020-10-24,10.1093/jn/nxaa340,Oxford University Press,199,1,1
10.3945/jn.116.242008,2020-10-24,10.1093/jn/nxaa339,Oxford University Press,199,1,1
10.1007/s10620-015-3905-4,2020-10-26,10.1007/s10620-015-3905-4,Springer,409,1,1
10.1042/cs20200107,2020-11-02,10.1042/cs-20200107_eoc,Portland Press,,0,1
10.1080/0167482x.2018.1508282,2020-11-03,10.1080/0167482x.2020.1842508,Taylor and Francis,1360,1,1
10.1080/14647273.2017.1283446,2020-11-03,10.1080/14647273.2020.1841980,Taylor and Francis,1337,1,1
10.1080/0167482x.2017.1383381,2020-11-03,10.1080/0167482x.2020.1842508,Taylor and Francis,1291,1,1
10.1080/07435800.2017.1346661,2020-11-04,10.1080/07435800.2020.1843877,Taylor and Francis,1083,1,1
10.1080/07315724.2017.1386140,2020-11-06,10.1080/07315724.2020.1842691,Taylor and Francis,1342,1,1
10.1080/07315724.2017.1347074,2020-11-06,10.1080/07315724.2020.1842691,Taylor and Francis,1341,1,1
10.1080/07315724.2015.1032443,2020-11-06,10.1080/07315724.2020.1842691,Taylor and Francis,1341,1,1
10.1080/09513590.2017.1290071,2020-11-11,10.1080/09513590.2020.1841983,Taylor and Francis,1340,1,1
10.1080/09513590.2017.1381680,2020-11-11,10.1080/09513590.2020.1841983,Taylor and Francis,1244,1,1
10.1186/s12941-016-0143-3,2020-11-17,10.1186/s12941-020-00394-8,Springer - Biomed Central (BMC),,0,1
10.1136/archdischild-2019-esdppp.4,2020-11-18,10.1136/archdischild-2019-esdppp.4eoc1,BMJ Publishing,,0,1
10.1179/1476830515y.0000000023,2020-11-19,10.1080/1028415x.2020.1846880,Taylor and Francis,1237,1,1
10.1038/s41467-020-19723-8,2020-11-19,10.1038/s41467-020-19723-8,Springer - Nature Publishing Group,32,1,1
10.1039/c4tx00097h,2020-11-23,10.1093/toxres/tfaa097,Oxford University Press,144,1,1
10.1038/embor.2009.88,2020-11-26,10.15252/embr.202051028,EMBO Press,,0,1
10.1371/journal.pone.0238679,2020-11-30,10.1371/journal.pone.0243267,PLoS,31,1,1
10.1165/rcmb.2013-0519oc,2020-12-01,10.1165/rcmb.v63retraction1,American Thoracic Society,,0,1
10.2807/1560-7917.es.2020.25.3.2000045,2020-12-03,10.2807/1560-7917.es.2020.25.48.2012031,European Centre for Disease Prevention and Control,,0,1
10.1016/j.chemosphere.2019.03.076,2020-12-03,10.1016/j.chemosphere.2020.129073,Elsevier,,0,1
10.1371/journal.pone.0173965,2020-12-09,10.1371/journal.pone.0244011,PLoS,,0,1
10.1093/sleep/zsx194,2020-12-09,10.1093/sleep/zsaa212,Oxford University Press,,0,1
10.1038/s41589-020-00665-7,2020-12-10,10.1038/s41589-020-00665-7,Springer - Nature Publishing Group,202,1,1
10.1161/circgen.120.002926,2020-12-15,10.1161/hcg.0000000000000077,American Heart Association,77,1,1
10.1016/j.forsciint.2017.11.021,2020-12-17,10.1016/j.forsciint.2020.110635,Elsevier,,0,1
10.1044/2020_persp-20-00134,2020-12-18,10.1044/2020_dec2020asha,American Speech-Language-Hearing Association,67,1,1
10.1155/2014/798957,2020-12-21,10.1155/2020/3803527,Hindawi,,0,1
10.1159/000488178,2021-01-01,10.33594/000000425,Cellular Physiol Biochem Press,545,1,1
10.1016/j.fsigen.2019.02.008,2021-01-04,10.1016/j.fsigen.2020.102461,Elsevier,,0,1
10.1016/j.fsigen.2019.102144,2021-01-04,10.1016/j.fsigen.2020.102460,Elsevier,891,1,1
10.1371/journal.pone.0242274,2021-01-06,10.1371/journal.pone.0245080,PLoS,,0,1
10.4103/1673-5374.155429,2021-01-07,10.4103/1673-5374.303044,Wolters Kluwer - Lippincott Williams & Wilkins,523,1,1
10.1080/21691401.2019.1623233,2021-01-11,10.1080/21691401.2020.1836857,Taylor and Francis,,0,1
10.1080/21691401.2019.1636807,2021-01-11,10.1080/21691401.2020.1836859,Taylor and Francis,,0,1
10.1016/j.fsigss.2017.09.199,2021-01-20,10.1016/j.fsigss.2021.01.001,Elsevier,,0,1
10.1128/mra.00169-20,2021-01-21,10.1128/mra.01466-20,American Society for Microbiology,,0,1
10.1093/cvr/cvq068,2021-01-22,10.1093/cvr/cvab002,Oxford University Press,90,1,1
10.1155/2013/846724,2021-01-23,10.1155/2021/3750480,Hindawi,,0,1
10.1093/analys/any048,2021-01-24,10.1093/analys/anaa025,Oxford University Press,,0,1
10.1155/2015/984850,2021-01-25,10.1155/2021/4752718,Hindawi,,0,1
10.1002/cbf.2929,2021-01-26,10.1002/cbf.3621,Wiley,,0,1
10.1080/14767058.2018.1481952,2021-01-27,10.1080/14767058.2020.1842963,Taylor and Francis,1238,1,1
10.3109/14767058.2015.1015980,2021-01-27,10.1080/14767058.2020.1842963,Taylor and Francis,1238,1,1
10.3109/14767058.2014.954241,2021-01-27,10.1080/14767058.2020.1842963,Taylor and Francis,1238,1,1
10.3109/14767058.2014.977248,2021-01-27,10.1080/14767058.2020.1842963,Taylor and Francis,1238,1,1
10.3109/14767058.2011.640372,2021-01-27,10.1080/14767058.2020.1842963,Taylor and Francis,1238,1,1
10.1080/14767058.2017.1310193,2021-01-27,10.1080/14767058.2020.1842963,Taylor and Francis,1238,1,1
10.1186/s12889-019-7154-x,2021-01-27,10.1186/s12889-021-10263-4,Springer - Biomed Central (BMC),,0,1
10.1371/journal.pone.0207558,2021-01-28,10.1371/journal.pone.0246415,PLoS,,0,1
10.1177/2164956119831221,2021-01-31,10.1177/2164956121992227,SAGE Publications,72,1,1
10.1890/14-2424.1,2021-02-02,10.1002/ecy.3292,Wiley,1491,1,1
10.1161/circulationaha.120.050749,2021-02-02,10.1161/cir.0000000000000962,American Heart Association,,0,1
10.1038/s41419-018-0989-8,2021-02-03,10.1038/s41419-018-0989-8,Springer - Nature Publishing Group,1309,1,1
10.1016/j.earlhumdev.2020.104996,2021-02-04,10.1016/j.earlhumdev.2021.105328,Elsevier,,0,1
10.1016/j.earlhumdev.2020.104995,2021-02-04,10.1016/j.earlhumdev.2021.105328,Elsevier,,0,1
10.1016/j.earlhumdev.2020.104994,2021-02-04,10.1016/j.earlhumdev.2021.105328,Elsevier,,0,1
10.1016/j.earlhumdev.2020.104993,2021-02-04,10.1016/j.earlhumdev.2021.105328,Elsevier,,0,1
10.1016/j.earlhumdev.2020.104992,2021-02-04,10.1016/j.earlhumdev.2021.105328,Elsevier,,0,1
10.1016/j.earlhumdev.2020.104991,2021-02-04,10.1016/j.earlhumdev.2021.105328,Elsevier,,0,1
10.1016/j.earlhumdev.2020.104990,2021-02-04,10.1016/j.earlhumdev.2021.105328,Elsevier,,0,1
10.1016/j.earlhumdev.2020.104989,2021-02-04,10.1016/j.earlhumdev.2021.105328,Elsevier,,0,1
10.1016/j.earlhumdev.2020.104988,2021-02-04,10.1016/j.earlhumdev.2021.105328,Elsevier,,0,1
10.1016/j.earlhumdev.2020.105019,2021-02-04,10.1016/j.earlhumdev.2021.105328,Elsevier,,0,1
10.1016/j.earlhumdev.2020.105018,2021-02-04,10.1016/j.earlhumdev.2021.105328,Elsevier,,0,1
10.1016/j.earlhumdev.2020.105017,2021-02-04,10.1016/j.earlhumdev.2021.105328,Elsevier,,0,1
10.1016/j.earlhumdev.2020.105016,2021-02-04,10.1016/j.earlhumdev.2021.105328,Elsevier,,0,1
10.1016/j.earlhumdev.2020.105015,2021-02-04,10.1016/j.earlhumdev.2021.105328,Elsevier,,0,1
10.1016/j.earlhumdev.2020.105014,2021-02-04,10.1016/j.earlhumdev.2021.105328,Elsevier,,0,1
10.1016/j.earlhumdev.2018.01.005,2021-02-05,10.1016/j.earlhumdev.2021.105329,Elsevier,,0,1
10.1016/j.earlhumdev.2018.01.004,2021-02-05,10.1016/j.earlhumdev.2021.105329,Elsevier,,0,1
10.1016/j.earlhumdev.2018.01.003,2021-02-05,10.1016/j.earlhumdev.2021.105329,Elsevier,,0,1
10.1016/j.earlhumdev.2018.01.002,2021-02-05,10.1016/j.earlhumdev.2021.105329,Elsevier,,0,1
10.1016/j.earlhumdev.2018.01.001,2021-02-05,10.1016/j.earlhumdev.2021.105329,Elsevier,,0,1
10.1016/j.earlhumdev.2018.02.015,2021-02-05,10.1016/j.earlhumdev.2021.105329,Elsevier,,0,1
10.1016/j.earlhumdev.2018.01.013,2021-02-05,10.1016/j.earlhumdev.2021.105329,Elsevier,,0,1
10.1016/j.earlhumdev.2018.01.012,2021-02-05,10.1016/j.earlhumdev.2021.105329,Elsevier,,0,1
10.1016/j.earlhumdev.2018.01.011,2021-02-05,10.1016/j.earlhumdev.2021.105329,Elsevier,,0,1
10.1016/j.earlhumdev.2018.02.020e,2021-02-05,10.1016/j.earlhumdev.2021.105329,Elsevier,,0,1
10.1016/j.earlhumdev.2018.02.019,2021-02-05,10.1016/j.earlhumdev.2021.105329,Elsevier,,0,1
10.1016/j.earlhumdev.2018.02.018,2021-02-05,10.1016/j.earlhumdev.2021.105329,Elsevier,,0,1
10.1016/j.earlhumdev.2018.02.016,2021-02-05,10.1016/j.earlhumdev.2021.105329,Elsevier,,0,1
10.1016/j.earlhumdev.2018.04.006,2021-02-05,10.1016/j.earlhumdev.2021.105329,Elsevier,,0,1
10.1016/j.earlhumdev.2018.04.009,2021-02-05,10.1016/j.earlhumdev.2021.105329,Elsevier,,0,1
10.1016/j.earlhumdev.2018.04.008,2021-02-05,10.1016/j.earlhumdev.2021.105329,Elsevier,,0,1
10.1016/j.earlhumdev.2018.04.007,2021-02-05,10.1016/j.earlhumdev.2021.105329,Elsevier,,0,1
10.1016/j.earlhumdev.2018.04.005,2021-02-05,10.1016/j.earlhumdev.2021.105329,Elsevier,,0,1
10.1016/j.earlhumdev.2018.04.014,2021-02-05,10.1016/j.earlhumdev.2021.105329,Elsevier,,0,1
10.1016/j.earlhumdev.2018.04.013,2021-02-05,10.1016/j.earlhumdev.2021.105329,Elsevier,,0,1
10.1016/j.earlhumdev.2018.04.012,2021-02-05,10.1016/j.earlhumdev.2021.105329,Elsevier,,0,1
10.1016/j.earlhumdev.2018.04.010,2021-02-05,10.1016/j.earlhumdev.2021.105329,Elsevier,,0,1
10.1016/j.earlhumdev.2018.04.029,2021-02-05,10.1016/j.earlhumdev.2021.105329,Elsevier,,0,1
10.1016/j.earlhumdev.2018.04.021,2021-02-05,10.1016/j.earlhumdev.2021.105329,Elsevier,,0,1
10.1016/j.earlhumdev.2018.04.020,2021-02-05,10.1016/j.earlhumdev.2021.105329,Elsevier,,0,1
10.1016/j.earlhumdev.2018.06.008,2021-02-05,10.1016/j.earlhumdev.2021.105329,Elsevier,,0,1
10.1016/j.earlhumdev.2018.06.007,2021-02-05,10.1016/j.earlhumdev.2021.105329,Elsevier,,0,1
10.1016/j.earlhumdev.2018.06.006,2021-02-05,10.1016/j.earlhumdev.2021.105329,Elsevier,,0,1
10.1016/j.earlhumdev.2018.06.005,2021-02-05,10.1016/j.earlhumdev.2021.105329,Elsevier,,0,1
10.1016/j.earlhumdev.2018.06.004,2021-02-05,10.1016/j.earlhumdev.2021.105329,Elsevier,,0,1
10.1016/j.earlhumdev.2018.07.014,2021-02-05,10.1016/j.earlhumdev.2021.105329,Elsevier,,0,1
10.1016/j.earlhumdev.2018.07.013,2021-02-05,10.1016/j.earlhumdev.2021.105329,Elsevier,,0,1
10.1016/j.earlhumdev.2018.07.012,2021-02-05,10.1016/j.earlhumdev.2021.105329,Elsevier,,0,1
10.1016/j.earlhumdev.2018.07.010,2021-02-05,10.1016/j.earlhumdev.2021.105329,Elsevier,,0,1
10.1016/j.earlhumdev.2018.09.012,2021-02-05,10.1016/j.earlhumdev.2021.105329,Elsevier,,0,1
10.1016/j.earlhumdev.2018.09.011,2021-02-05,10.1016/j.earlhumdev.2021.105329,Elsevier,,0,1
10.1016/j.earlhumdev.2018.09.010,2021-02-05,10.1016/j.earlhumdev.2021.105329,Elsevier,,0,1
10.1016/j.earlhumdev.2018.09.008,2021-02-05,10.1016/j.earlhumdev.2021.105329,Elsevier,,0,1
10.1016/j.earlhumdev.2018.12.010,2021-02-05,10.1016/j.earlhumdev.2021.105329,Elsevier,,0,1
10.1016/j.earlhumdev.2018.12.009,2021-02-05,10.1016/j.earlhumdev.2021.105329,Elsevier,,0,1
10.1016/j.earlhumdev.2018.12.008,2021-02-05,10.1016/j.earlhumdev.2021.105329,Elsevier,,0,1
10.1016/j.earlhumdev.2018.12.005,2021-02-05,10.1016/j.earlhumdev.2021.105329,Elsevier,,0,1
10.1016/j.earlhumdev.2018.12.004,2021-02-05,10.1016/j.earlhumdev.2021.105329,Elsevier,,0,1
10.1016/j.earlhumdev.2018.12.003,2021-02-05,10.1016/j.earlhumdev.2021.105329,Elsevier,,0,1
10.1016/j.earlhumdev.2019.03.008,2021-02-05,10.1016/j.earlhumdev.2021.105329,Elsevier,,0,1
10.1016/j.earlhumdev.2019.05.014,2021-02-05,10.1016/j.earlhumdev.2021.105329,Elsevier,,0,1
10.1016/j.earlhumdev.2019.05.013,2021-02-05,10.1016/j.earlhumdev.2021.105329,Elsevier,,0,1
10.1016/j.earlhumdev.2019.05.012,2021-02-05,10.1016/j.earlhumdev.2021.105329,Elsevier,,0,1
10.1007/s12517-021-06533-5,2021-02-06,10.1007/s12517-021-08471-8,Springer,,0,1
10.1186/s12885-018-4559-3,2021-02-09,10.1186/s12885-018-4559-3,Springer - Biomed Central (BMC),810,1,1
10.1007/s13402-020-00553-1,2021-02-09,10.1007/s13402-020-00553-1,Springer,688,1,1
10.1155/2017/1960898,2021-02-15,10.1155/2021/7259316,Hindawi,,0,1
10.1042/bsr20180538,2021-02-16,10.1042/bsr-20180538_eoc,Portland Press,528,1,1
10.1126/sciadv.abd7180,2021-02-16,10.1126/sciadv.abh0587,American Association for the Advancement of Science (AAAS),1,1,1
10.2991/efood.k.210216.001,2021-02-17,10.2991/efood.k.210118.002,Wiley,,0,1
10.1186/s13104-018-3529-9,2021-02-18,10.1186/s13104-021-05480-4,Springer - Biomed Central (BMC),,0,1
10.1007/s11071-015-2064-7,2021-02-22,10.1007/s11071-021-06253-1,Springer,,0,1
10.1038/emm.2017.140,2021-02-22,10.1038/s12276-021-00554-6,Springer - Nature Publishing Group,,0,1
10.1016/j.anbehav.2014.04.017,2021-02-23,10.1016/j.anbehav.2021.01.010,Elsevier,939,1,1
10.1186/s13045-019-0830-6,2021-02-23,10.1186/s13045-021-01048-8,Springer - Biomed Central (BMC),729,1,1
10.1038/s41598-019-44350-9,2021-02-24,10.1038/s41598-019-44350-9,Springer - Nature Publishing Group,460,1,1
10.1177/0394632017751547,2021-02-24,10.1177/20587384211000840,SAGE Publications,190,1,1
10.1177/2058738419857550,2021-02-24,10.1177/20587384211000847,SAGE Publications,190,1,1
10.1177/2058738418814341,2021-02-24,10.1177/20587384211000844,SAGE Publications,190,1,1
10.1177/2058738418812349,2021-02-24,10.1177/20587384211000843,SAGE Publications,190,1,1
10.1177/2058738418759180,2021-02-24,10.1177/20587384211000841,SAGE Publications,190,1,1
10.1177/2058738419872624,2021-02-24,10.1177/20587384211000802,SAGE Publications,190,1,1
10.1177/2058738419857537,2021-02-24,10.1177/20587384211000846,SAGE Publications,190,1,1
10.1177/0394632017703274,2021-02-24,10.1177/20587384211000803,SAGE Publications,190,1,1
10.1002/jcp.20012,2021-02-24,10.1002/jcp.30339,Wiley,,0,1
10.1177/2058738418795940,2021-02-25,10.1177/20587384211000842,SAGE Publications,189,1,1
10.1177/0394632017715837,2021-02-25,10.1177/20587384211000809,SAGE Publications,189,1,1
10.1371/journal.pone.0111163,2021-02-25,10.1371/journal.pone.0247971,PLoS,,0,1
10.1038/nature13811,2021-02-26,10.1038/nature13811,Springer - Nature Publishing Group,738,1,1
10.1002/ijc.20965,2021-02-26,10.1002/ijc.33521,Wiley,,0,1
10.1007/s12011-016-0788-y,2021-02-28,10.1007/s12011-016-0788-y,Springer,634,1,1
10.1177/2058738419866021,2021-02-28,10.1177/20587384211000848,SAGE Publications,186,1,1
10.1177/2058738418824521,2021-02-28,10.1177/20587384211000845,SAGE Publications,186,1,1
10.1007/s12011-017-1045-8,2021-02-28,10.1007/s12011-017-1045-8,Springer,,0,1
10.1007/s11249-018-1128-5,2021-03-03,10.1007/s11249-021-01415-z,Springer,149,1,1
10.1126/science.1121513,2021-03-05,10.1126/science.abh1300,American Association for the Advancement of Science (AAAS),,0,1
10.1093/nar/gkp136,2021-03-08,10.1093/nar/gkab172,Oxford University Press,235,1,1
10.1093/nar/gkg727,2021-03-08,10.1093/nar/gkab171,Oxford University Press,60,1,1
10.1038/s41598-017-16623-8,2021-03-10,10.1038/s41598-021-85479-w,Springer - Nature Publishing Group,,0,1
10.1038/s41598-021-84092-1,2021-03-11,10.1038/s41598-021-84092-1,Springer - Nature Publishing Group,278,1,1
10.1371/journal.pgen.1004792,2021-03-19,10.1371/journal.pgen.1009470,PLoS,230,1,1
10.1016/j.bbi.2013.07.010,2021-03-21,10.1016/j.bbi.2021.03.009,Elsevier,,0,1
10.1177/0300891620974755,2021-03-22,10.1177/0300891620987756,SAGE Publications,,0,1
10.1098/rspb.2018.0384,2021-03-24,10.1098/rspb.2021.0506,Royal Society Publishing,217,1,1
10.1098/rspb.2016.0477,2021-03-24,10.1098/rspb.2021.0505,Royal Society Publishing,,0,1
10.1042/bsr20180558,2021-03-26,10.1042/bsr-20180558_eoc,Portland Press,171,1,1
10.1042/bsr20170186,2021-03-26,10.1042/bsr-20170186_eoc,Portland Press,74,1,1
10.1016/j.jcis.2020.02.085,2021-03-26,10.1016/j.jcis.2021.03.100,Elsevier,,0,1
10.1042/bsr20180067,2021-03-31,10.1042/bsr-20180067_eoc,Portland Press,27,1,1
10.1016/j.cardiores.2006.10.020,2021-04-01,10.1093/cvr/cvaa104,Oxford University Press,95,1,1
10.1159/000494159,2021-04-01,10.33594/000000429,Cellular Physiol Biochem Press,517,1,1
10.1159/000491654,2021-04-01,10.33594/000000427,Cellular Physiol Biochem Press,,0,1
10.1159/000493826,2021-04-01,10.33594/000000428,Cellular Physiol Biochem Press,331,1,1
10.1159/000494475,2021-04-01,10.33594/000000430,Cellular Physiol Biochem Press,394,1,1
10.1371/journal.pone.0089025,2021-04-01,10.1371/journal.pone.0249684,PLoS,,0,1
10.1042/bsr20182476,2021-04-06,10.1042/bsr-20182476_eoc,Portland Press,1211,1,1
10.1080/21691401.2019.1626413,2021-04-06,10.1080/21691401.2021.1899385,Taylor and Francis,930,1,1
10.1042/bsr20140020,2021-04-06,10.1042/bsr-20140020_eoc,Portland Press,745,1,1
10.1042/bsr20191961,2021-04-06,10.1042/bsr-20191961_eoc,Portland Press,695,1,1
10.1080/21691401.2019.1624559,2021-04-06,10.1080/21691401.2021.1899391,Taylor and Francis,,0,1
10.1080/21691401.2019.1601630,2021-04-06,10.1080/21691401.2021.1899389,Taylor and Francis,,0,1
10.1080/21691401.2019.1666861,2021-04-06,10.1080/21691401.2021.1899401,Taylor and Francis,,0,1
10.1042/bsr20171563,2021-04-06,10.1042/bsr-20171563_eoc,Portland Press,63,1,1
10.1042/bsr20194309,2021-04-07,10.1042/bsr-20194309_eoc,Portland Press,666,1,1
10.1042/bsr20192298,2021-04-07,10.1042/bsr-20192298_eoc,Portland Press,674,1,1
10.1021/acs.chemmater.0c03331,2021-04-15,10.1021/acs.chemmater.1c01190,American Chemical Society (ACS),488,1,1
10.1039/c9tx00222g,2021-04-16,10.1093/toxres/tfab032,Oxford University Press,,0,1
10.1039/c9tx00076c,2021-04-16,10.1093/toxres/tfab034,Oxford University Press,,0,1
10.1039/c8tx00079d,2021-04-16,10.1093/toxres/tfab033,Oxford University Press,,0,1
10.3858/emm.2010.42.12.084,2021-04-16,10.1038/s12276-021-00598-8,Springer - Nature Publishing Group,,0,1
10.1042/bsr20160519,2021-04-19,10.1042/bsr-20160519_eoc,Portland Press,682,1,1
10.1042/bsr20181289,2021-04-19,10.1042/bsr-20181289_eoc,Portland Press,682,1,1
10.1042/bsr20180391,2021-04-19,10.1042/bsr-20180391_eoc,Portland Press,682,1,1
10.1042/bsr20180277,2021-04-19,10.1042/bsr-20180277_eoc,Portland Press,682,1,1
10.1042/bsr20140124,2021-04-19,10.1042/bsr-20140124_eoc,Portland Press,570,1,1
10.1007/s12035-016-9946-7,2021-04-19,10.1007/s12035-016-9946-7,Springer,39,1,1
10.1093/jrr/rraa052,2021-04-23,10.1093/jrr/rrab039,Oxford University Press,,0,1
10.1086/704060,2021-04-26,10.1086/714375,University of Chicago Press,,0,1
10.1086/695322,2021-04-26,10.1086/714375,University of Chicago Press,,0,1
10.1086/698693,2021-04-26,10.1086/714375,University of Chicago Press,,0,1
10.1002/jbt.22206,2021-04-29,10.1002/jbt.22793,Wiley,,0,1
10.1007/s10741-014-9438-7,2021-04-29,10.1007/s10741-021-10113-w,Springer,,0,1
10.1042/bsr20181852,2021-04-30,10.1042/bsr-20181852_eoc,Portland Press,119,1,1
10.1158/1078-0432.ccr-06-2225,2021-05-03,10.1158/1078-0432.ccr-21-0847,American Association for Cancer Research,,0,1
10.1016/j.heliyon.2018.e00612,2021-05-05,10.1016/j.heliyon.2021.e06855,Elsevier - Cell Press,,0,1
10.1186/s12879-021-05993-0,2021-05-06,10.1186/s12879-021-05993-0,Springer - Biomed Central (BMC),64,1,1
10.1080/14767058.2017.1372413,2021-05-09,10.1080/14767058.2021.1926623,Taylor and Francis,1136,1,1
10.1371/journal.pbio.0060319,2021-05-10,10.1371/journal.pbio.3001246,PLoS,,0,1
10.1042/bsr20171691,2021-05-14,10.1042/bsr-20171691_eoc,Portland Press,381,1,1
10.1089/gtmb.2016.0011,2021-05-17,10.1089/gtmb.2016.0011.expcon,Mary Ann Liebert,150,1,1
10.1200/jco.2021.39.15_suppl.1053,2021-05-18,10.1200/jco.2021.39.15_suppl.1053,American Society of Clinical Oncology,196,1,1
10.1186/s12868-016-0243-1,2021-05-26,10.1186/s12868-016-0243-1,Springer - Biomed Central (BMC),161,1,1
10.1371/journal.pone.0070422,2021-05-26,10.1371/journal.pone.0252495,PLoS,,0,1
10.1007/s12517-021-07255-4,2021-05-31,10.1007/s12517-021-08471-8,Springer,162,1,1
10.1086/663680,2021-06-01,10.1086/714867,University of Chicago Press,,0,1
10.1158/1541-7786.mcr-08-0052,2021-06-03,10.1158/1541-7786.mcr-21-0318,American Association for Cancer Research,,0,1
10.1111/iwj.13329,2021-06-07,10.1111/iwj.13614,Wiley,,0,1
10.1073/pnas.1719206115,2021-06-07,10.1073/pnas.2108930118,National Academy of Sciences (NAS),,0,1
10.5194/hgss-12-97-2021,2021-06-08,10.5194/hgss-12-97-2021,Copernicus,94,1,1
10.1093/tbm/ibab030,2021-06-11,10.1093/tbm/ibab082,Oxford University Press,328,1,1
10.1016/j.febslet.2012.03.053,2021-06-14,10.1002/1873-3468.14094,Wiley,,0,1
10.1016/j.febslet.2014.05.068,2021-06-14,10.1002/1873-3468.14095,Wiley,,0,1
10.1016/j.febslet.2011.03.067,2021-06-14,10.1002/1873-3468.14093,Wiley,,0,1
10.1200/jco.2021.39.15_suppl.507,2021-06-16,10.1200/jco.2021.39.15_suppl.507,American Society of Clinical Oncology,146,1,1
10.1007/s10067-014-2812-y,2021-06-18,10.1007/s10067-021-05796-3,Springer,,0,1
10.1080/00016340802638199,2021-06-23,10.1111/aogs.14195,Wiley,,0,1
10.1038/s41586-018-0448-9,2021-06-24,10.1038/s41586-018-0448-9,Springer - Nature Publishing Group,1497,1,1
10.1039/c9cc02715g,2021-06-24,10.1039/d1cc90230j,Royal Society of Chemistry (RSC),,0,1
10.1016/j.micpro.2020.103772,2021-06-25,10.1016/j.micpro.2021.104306,Elsevier,993,1,1
10.1016/j.micpro.2021.103860,2021-06-25,10.1016/j.micpro.2021.104306,Elsevier,993,1,1
10.1016/j.micpro.2021.103893,2021-06-25,10.1016/j.micpro.2021.104306,Elsevier,993,1,1
10.1016/j.micpro.2021.103911,2021-06-25,10.1016/j.micpro.2021.104306,Elsevier,993,1,1
10.1016/j.micpro.2021.103909,2021-06-25,10.1016/j.micpro.2021.104306,Elsevier,993,1,1
10.1016/j.micpro.2021.104014,2021-06-25,10.1016/j.micpro.2021.104306,Elsevier,993,1,1
10.1016/j.micpro.2020.103781,2021-06-25,10.1016/j.micpro.2021.104306,Elsevier,993,1,1
10.1016/j.micpro.2020.103604,2021-06-25,10.1016/j.micpro.2021.104306,Elsevier,993,1,1
10.1016/j.micpro.2020.103330,2021-06-25,10.1016/j.micpro.2021.104306,Elsevier,993,1,1
10.1016/j.micpro.2020.103603,2021-06-25,10.1016/j.micpro.2021.104306,Elsevier,993,1,1
10.1016/j.micpro.2021.103905,2021-06-25,10.1016/j.micpro.2021.104306,Elsevier,993,1,1
10.1016/j.micpro.2020.103303,2021-06-25,10.1016/j.micpro.2021.104306,Elsevier,993,1,1
10.1016/j.micpro.2020.103774,2021-06-25,10.1016/j.micpro.2021.104306,Elsevier,993,1,1
10.1016/j.micpro.2020.103600,2021-06-25,10.1016/j.micpro.2021.104306,Elsevier,993,1,1
10.1016/j.micpro.2020.103357,2021-06-25,10.1016/j.micpro.2021.104306,Elsevier,993,1,1
10.1016/j.micpro.2020.103360,2021-06-25,10.1016/j.micpro.2021.104306,Elsevier,916,1,1
10.1016/j.micpro.2020.103662,2021-06-25,10.1016/j.micpro.2021.104306,Elsevier,993,1,1
10.1016/j.micpro.2020.103650,2021-06-25,10.1016/j.micpro.2021.104306,Elsevier,993,1,1
10.1016/j.micpro.2020.103595,2021-06-25,10.1016/j.micpro.2021.104306,Elsevier,993,1,1
10.1016/j.micpro.2021.103897,2021-06-25,10.1016/j.micpro.2021.104306,Elsevier,993,1,1
10.1016/j.micpro.2020.103784,2021-06-25,10.1016/j.micpro.2021.104306,Elsevier,993,1,1
10.1016/j.micpro.2021.103846,2021-06-25,10.1016/j.micpro.2021.104306,Elsevier,993,1,1
10.1016/j.micpro.2020.103321,2021-06-25,10.1016/j.micpro.2021.104306,Elsevier,993,1,1
10.1016/j.micpro.2020.103777,2021-06-25,10.1016/j.micpro.2021.104306,Elsevier,993,1,1
10.1016/j.micpro.2020.103587,2021-06-25,10.1016/j.micpro.2021.104306,Elsevier,993,1,1
10.1016/j.micpro.2020.103280,2021-06-25,10.1016/j.micpro.2021.104306,Elsevier,993,1,1
10.1016/j.micpro.2021.103901,2021-06-25,10.1016/j.micpro.2021.104306,Elsevier,993,1,1
10.1016/j.micpro.2020.103634,2021-06-25,10.1016/j.micpro.2021.104306,Elsevier,993,1,1
10.1016/j.micpro.2021.103915,2021-06-25,10.1016/j.micpro.2021.104306,Elsevier,993,1,1
10.1016/j.micpro.2020.103782,2021-06-25,10.1016/j.micpro.2021.104306,Elsevier,993,1,1
10.1016/j.micpro.2020.103632,2021-06-25,10.1016/j.micpro.2021.104306,Elsevier,993,1,1
10.1016/j.micpro.2021.104003,2021-06-25,10.1016/j.micpro.2021.104306,Elsevier,993,1,1
10.1016/j.micpro.2020.103790,2021-06-25,10.1016/j.micpro.2021.104306,Elsevier,993,1,1
10.1016/j.micpro.2020.103332,2021-06-25,10.1016/j.micpro.2021.104306,Elsevier,993,1,1
10.1016/j.micpro.2021.103847,2021-06-25,10.1016/j.micpro.2021.104306,Elsevier,993,1,1
10.1016/j.micpro.2020.103350,2021-06-25,10.1016/j.micpro.2021.104306,Elsevier,993,1,1
10.1016/j.micpro.2021.103954,2021-06-25,10.1016/j.micpro.2021.104306,Elsevier,993,1,1
10.1016/j.micpro.2020.103783,2021-06-25,10.1016/j.micpro.2021.104306,Elsevier,993,1,1
10.1016/j.micpro.2020.103780,2021-06-25,10.1016/j.micpro.2021.104306,Elsevier,993,1,1
10.1016/j.micpro.2020.103652,2021-06-25,10.1016/j.micpro.2021.104306,Elsevier,993,1,1
10.1016/j.micpro.2021.103904,2021-06-25,10.1016/j.micpro.2021.104306,Elsevier,993,1,1
10.1016/j.micpro.2020.103654,2021-06-25,10.1016/j.micpro.2021.104306,Elsevier,993,1,1
10.1016/j.micpro.2021.103973,2021-06-25,10.1016/j.micpro.2021.104306,Elsevier,993,1,1
10.1016/j.micpro.2021.104004,2021-06-25,10.1016/j.micpro.2021.104306,Elsevier,993,1,1
10.1016/j.micpro.2020.103585,2021-06-25,10.1016/j.micpro.2021.104306,Elsevier,993,1,1
10.1016/j.micpro.2021.103866,2021-06-25,10.1016/j.micpro.2021.104306,Elsevier,993,1,1
10.1016/j.atherosclerosis.2008.11.003,2021-06-26,10.1016/j.atherosclerosis.2021.06.917,Elsevier,,0,1
10.1016/j.atherosclerosis.2016.04.030,2021-06-26,10.1016/j.atherosclerosis.2021.06.923,Elsevier,,0,1
10.1016/j.atherosclerosis.2014.02.008,2021-06-26,10.1016/j.atherosclerosis.2021.06.919,Elsevier,,0,1
10.1016/j.atherosclerosis.2016.03.008,2021-06-26,10.1016/j.atherosclerosis.2021.06.922,Elsevier,,0,1
10.1016/j.atherosclerosis.2015.02.044,2021-06-26,10.1016/j.atherosclerosis.2021.06.921,Elsevier,,0,1
10.1016/j.atherosclerosis.2012.12.002,2021-06-26,10.1016/j.atherosclerosis.2021.06.918,Elsevier,,0,1
10.3390/vaccines9070693,2021-06-28,10.3390/vaccines9070705,MDPI,4,1,1
10.1016/j.atherosclerosis.2014.07.005,2021-06-29,10.1016/j.atherosclerosis.2021.06.920,Elsevier,,0,1
10.1159/000480412,2021-07-01,10.33594/000000423,Cellular Physiol Biochem Press,303,1,1
10.1159/000487175,2021-07-01,10.33594/000000424,Cellular Physiol Biochem Press,,0,1
10.1371/journal.pntd.0004373,2021-07-08,10.1371/journal.pntd.0009580,PLoS,,0,1
10.1021/jo901177e,2021-07-12,10.1021/acs.joc.1c01500,American Chemical Society (ACS),,0,1
10.1021/ol402281f,2021-07-13,10.1021/acs.orglett.1c01680,American Chemical Society (ACS),,0,1
10.1007/s00360-020-01277-2,2021-07-14,10.1007/s00360-021-01383-9,Springer,,0,1
10.1021/ol1029047,2021-07-15,10.1021/acs.orglett.1c02194,American Chemical Society (ACS),,0,1
10.1021/ol052962m,2021-07-15,10.1021/acs.orglett.1c02193,American Chemical Society (ACS),,0,1
10.1093/jnci/djaa168,2021-07-16,10.1093/jnci/djab088,Oxford University Press,,0,1
10.1111/j.0956-7976.2004.00757.x,2021-07-23,10.1177/09567976211035782,SAGE Publications,,0,1
10.1017/s1368980015000609,2021-07-23,10.1017/s1368980021002573,Cambridge University Press,,0,1
10.1038/sj.onc.1204606,2021-07-29,10.1038/s41388-021-01953-9,Springer - Nature Publishing Group,,0,1
10.1126/science.aav3392,2021-07-29,10.1126/science.abl5286,American Association for the Advancement of Science (AAAS),,0,1
10.1159/000488739,2021-08-01,10.33594/000000426,Cellular Physiol Biochem Press,272,1,1
10.1158/1078-0432.ccr-10-0005,2021-08-02,10.1158/1078-0432.ccr-21-2119,American Association for Cancer Research,,0,1
10.1158/1078-0432.ccr-10-2441,2021-08-02,10.1158/1078-0432.ccr-21-2117,American Association for Cancer Research,,0,1
10.1158/1078-0432.ccr-05-2338,2021-08-02,10.1158/1078-0432.ccr-21-2121,American Association for Cancer Research,,0,1
10.1007/s00705-021-04956-9,2021-08-03,10.1007/s00705-021-04956-9,Springer,111,1,1
10.1016/j.intimp.2019.01.056,2021-08-03,10.1016/j.intimp.2021.107943,Elsevier,,0,1
10.1016/j.intimp.2018.12.065,2021-08-04,10.1016/j.intimp.2021.107941,Elsevier,,0,1
10.1016/j.intimp.2019.05.029,2021-08-04,10.1016/j.intimp.2021.107946,Elsevier,,0,1
10.1016/j.intimp.2018.11.038,2021-08-04,10.1016/j.intimp.2021.107944,Elsevier,,0,1
10.1016/j.intimp.2019.04.004,2021-08-04,10.1016/j.intimp.2021.107942,Elsevier,,0,1
10.1016/j.intimp.2019.02.014,2021-08-04,10.1016/j.intimp.2021.107945,Elsevier,,0,1
10.1017/s0007114515003852,2021-08-06,10.1017/s0007114521002014,Cambridge University Press,,0,1
10.1017/s0007114516001847,2021-08-06,10.1017/s0007114521002038,Cambridge University Press,,0,1
10.1017/s0007114516003457,2021-08-06,10.1017/s0007114521002026,Cambridge University Press,,0,1
10.1017/s0007114516003251,2021-08-06,10.1017/s000711452100204x,Cambridge University Press,,0,1
10.1017/s000711451700085x,2021-08-06,10.1017/s0007114521002051,Cambridge University Press,,0,1
10.1017/s0007114518001253,2021-08-06,10.1017/s0007114521002063,Cambridge University Press,,0,1
10.1017/s0007114519001132,2021-08-06,10.1017/s0007114521002439,Cambridge University Press,,0,1
10.1017/s0007114512004242,2021-08-06,10.1017/s0007114521002002,Cambridge University Press,,0,1
10.1017/s0007114519000163,2021-08-06,10.1017/s0007114521002440,Cambridge University Press,,0,1
10.1093/ofid/ofab358,2021-08-09,10.1093/ofid/ofab394,Oxford University Press,180,1,1
10.7717/peerj.10021,2021-08-16,10.7717/peerj.10021,PeerJ,459,1,1
10.1371/journal.pone.0102471,2021-08-16,10.1371/journal.pone.0256413,PLoS,,0,1
10.1039/c1cp20064j,2021-08-18,10.1039/d1cp90169a,Royal Society of Chemistry (RSC),,0,1
10.1371/journal.pone.0007214,2021-08-19,10.1371/journal.pone.0256674,PLoS,,0,1
10.1177/0022242919841595,2021-08-20,10.1177/00222429211026311,SAGE Publications,,0,0
10.1016/j.micpro.2020.103526,2021-08-24,10.1016/j.micpro.2021.104303,Elsevier,1153,1,0
10.1093/jxb/eraa352,2021-08-26,10.1093/jxb/erab369,Oxford University Press,384,1,0
10.1016/j.canlet.2012.09.014,2021-08-28,10.1016/j.canlet.2021.08.035,Elsevier,,0,0
10.1038/s41586-020-2801-z,2021-08-30,10.1038/s41586-020-2801-z,Springer - Nature Publishing Group,392,1,0
10.1016/j.ejphar.2019.03.040,2021-08-31,10.1016/j.ejphar.2021.174471,Elsevier,308,1,0
10.1016/j.ejphar.2019.04.030,2021-08-31,10.1016/j.ejphar.2021.174471,Elsevier,308,1,0
10.1186/1743-422x-7-181,2021-08-31,10.1186/s12985-021-01648-3,Springer - Biomed Central (BMC),,0,0
10.1093/reseval/rvab020,2021-09-01,10.1093/reseval/rvab030,Oxford University Press,,0,0
10.1080/15384101.2020.1786622,2021-09-01,10.1080/15384101.2021.1973198,Taylor and Francis,519,1,0
10.1080/15384101.2020.1809259,2021-09-01,10.1080/15384101.2021.1973200,Taylor and Francis,519,1,0
10.1159/000437379,2021-09-01,10.1159/000518607,Karger,181,1,0
10.1080/15384101.2019.1676585,2021-09-01,10.1080/15384101.2021.1973193,Taylor and Francis,450,1,0
10.1080/15384101.2019.1706902,2021-09-01,10.1080/15384101.2021.1973194,Taylor and Francis,,0,0
10.1080/15384101.2020.1731655,2021-09-01,10.1080/15384101.2021.1973195,Taylor and Francis,,0,0
10.1080/15384101.2020.1807670,2021-09-01,10.1080/15384101.2021.1973199,Taylor and Francis,,0,0
10.1016/j.molimm.2019.07.027,2021-09-04,10.1016/j.molimm.2021.08.018,Elsevier,,0,0
10.1016/j.molimm.2019.11.012,2021-09-04,10.1016/j.molimm.2021.08.021,Elsevier,175,1,0
10.1016/j.neulet.2017.09.043,2021-09-04,10.1016/j.neulet.2021.136229,Elsevier,278,1,0
10.1016/j.molimm.2019.10.018,2021-09-04,10.1016/j.molimm.2021.08.020,Elsevier,238,1,0
10.1308/rcsann.2020.7021,2021-09-07,10.1308/rcsann.2020.7021,Royal College of Surgeons of England,,0,0
10.3390/coatings11030317,2021-09-14,10.3390/coatings11091111,MDPI,336,1,0
10.3390/coatings11060686,2021-09-15,10.3390/coatings11091115,MDPI,335,1,0
10.3390/coatings11040391,2021-09-15,10.3390/coatings11091117,MDPI,335,1,0
10.3390/coatings11030324,2021-09-15,10.3390/coatings11091116,MDPI,335,1,0
10.3390/coatings11040388,2021-09-15,10.3390/coatings12081185,MDPI,335,1,0
10.1038/srep11362,2021-09-15,10.1038/srep11362,Springer - Nature Publishing Group,141,1,0
10.1002/ijc.25451,2021-09-16,10.1002/ijc.33788,Wiley,,0,0
10.1103/physreve.103.022206,2021-09-17,10.1103/physreve.104.039902,American Physical Society,,0,0
10.1016/j.mce.2018.03.009,2021-09-22,10.1016/j.mce.2021.111458,Elsevier,101,1,0
10.1124/jpet.112.199497,2021-09-22,10.1124/jpet.112.199497concern,ASPET: American Society for Pharmacology and Experimental Therapeutics,,0,0
10.1124/jpet.111.185694,2021-09-22,10.1124/jpet.111.185694concern,ASPET: American Society for Pharmacology and Experimental Therapeutics,,0,0
10.1124/jpet.114.218735,2021-09-22,10.1124/jpet.114.218735concern,ASPET: American Society for Pharmacology and Experimental Therapeutics,,0,0
10.1124/jpet.111.188136,2021-09-22,10.1124/jpet.111.188136concern,ASPET: American Society for Pharmacology and Experimental Therapeutics,,0,0
10.1007/s00779-021-01628-y,2021-09-28,10.1007/s00779-021-01656-8,Springer,434,1,0
10.1007/s12517-021-07182-4,2021-09-28,10.1007/s12517-021-08471-8,Springer,193,1,0
10.1007/s12517-020-06393-5,2021-09-28,10.1007/s12517-021-08472-7,Springer,193,1,0
10.1007/s12517-020-06232-7,2021-09-28,10.1007/s12517-021-08471-8,Springer,193,1,0
10.1007/s12517-021-07279-w,2021-09-28,10.1007/s12517-021-08471-8,Springer,193,1,0
10.1007/s12517-021-07971-x,2021-09-28,10.1007/s12517-021-08471-8,Springer,193,1,0
10.1007/s12517-021-07457-w,2021-09-28,10.1007/s12517-021-08471-8,Springer,193,1,0
10.1007/s12517-021-06821-0,2021-09-28,10.1007/s12517-021-08471-8,Springer,195,1,0
10.1007/s12517-021-07856-z,2021-09-28,10.1007/s12517-021-08471-8,Springer,195,1,0
10.1007/s12517-021-08143-7,2021-09-28,10.1007/s12517-021-08471-8,Springer,195,1,0
10.1007/s12517-021-07219-8,2021-09-28,10.1007/s12517-021-08471-8,Springer,196,1,0
10.1007/s12517-021-08205-w,2021-09-28,10.1007/s12517-021-08472-7,Springer,196,1,0
10.1007/s12517-021-07218-9,2021-09-28,10.1007/s12517-021-08471-8,Springer,202,1,0
10.1007/s12517-021-07260-7,2021-09-28,10.1007/s12517-021-08471-8,Springer,193,1,0
10.1007/s12517-021-07225-w,2021-09-28,10.1007/s12517-021-08471-8,Springer,202,1,0
10.1007/s12517-021-07252-7,2021-09-28,10.1007/s12517-021-08471-8,Springer,202,1,0
10.1007/s12517-021-08147-3,2021-09-28,10.1007/s12517-021-08471-8,Springer,192,1,0
10.1007/s12517-021-06804-1,2021-09-28,10.1007/s12517-021-08471-8,Springer,162,1,0
10.1007/s12517-021-06858-1,2021-09-28,10.1007/s12517-021-08471-8,Springer,55,1,0
10.1007/s12517-021-07243-8,2021-09-28,10.1007/s12517-021-08471-8,Springer,98,1,0
10.1007/s12517-021-07579-1,2021-09-28,10.1007/s12517-021-08471-8,Springer,98,1,0
10.1007/s12517-021-06747-7,2021-09-28,10.1007/s12517-021-08471-8,Springer,78,1,0
10.1007/s12517-021-07197-x,2021-09-28,10.1007/s12517-021-08471-8,Springer,78,1,0
10.1007/s12517-021-08066-3,2021-09-28,10.1007/s12517-021-08471-8,Springer,78,1,0
10.1007/s12517-021-08165-1,2021-09-28,10.1007/s12517-021-08471-8,Springer,78,1,0
10.1007/s12517-021-06853-6,2021-09-28,10.1007/s12517-021-08471-8,Springer,78,1,0
10.1007/s12517-021-08119-7,2021-09-28,10.1007/s12517-021-08471-8,Springer,79,1,0
10.1007/s12517-021-08081-4,2021-09-28,10.1007/s12517-021-08471-8,Springer,93,1,0
10.1007/s12517-021-07354-2,2021-09-28,10.1007/s12517-021-08471-8,Springer,79,1,0
10.1007/s12517-021-07739-3,2021-09-28,10.1007/s12517-021-08471-8,Springer,90,1,0
10.1007/s12517-021-07734-8,2021-09-28,10.1007/s12517-021-08471-8,Springer,90,1,0
10.1007/s12517-021-06902-0,2021-09-28,10.1007/s12517-021-08471-8,Springer,79,1,0
10.1007/s12517-021-06714-2,2021-09-28,10.1007/s12517-021-08471-8,Springer,79,1,0
10.1007/s12517-021-07891-w,2021-09-28,10.1007/s12517-021-08471-8,Springer,42,1,0
10.1007/s12517-021-07356-0,2021-09-28,10.1007/s12517-021-08471-8,Springer,42,1,0
10.1007/s12517-021-07215-y,2021-09-28,10.1007/s12517-021-08471-8,Springer,44,1,0
10.1007/s12517-021-07202-3,2021-09-28,10.1007/s12517-021-08471-8,Springer,45,1,0
10.1007/s12517-021-07894-7,2021-09-28,10.1007/s12517-021-08471-8,Springer,48,1,0
10.1007/s12517-021-07741-9,2021-09-28,10.1007/s12517-021-08471-8,Springer,48,1,0
10.1007/s12517-021-07939-x,2021-09-28,10.1007/s12517-021-08471-8,Springer,50,1,0
10.1007/s12517-021-07929-z,2021-09-28,10.1007/s12517-021-08471-8,Springer,50,1,0
10.1007/s12517-021-08021-2,2021-09-28,10.1007/s12517-021-08471-8,Springer,50,1,0
10.1007/s12517-021-07958-8,2021-09-28,10.1007/s12517-021-08471-8,Springer,51,1,0
10.1007/s12517-021-06789-x,2021-09-28,10.1007/s12517-021-08471-8,Springer,56,1,0
10.1007/s12517-021-07765-1,2021-09-28,10.1007/s12517-021-08471-8,Springer,56,1,0
10.1007/s12517-021-07749-1,2021-09-28,10.1007/s12517-021-08471-8,Springer,58,1,0
10.1007/s12517-021-08015-0,2021-09-28,10.1007/s12517-021-08471-8,Springer,64,1,0
10.1007/s12517-021-07275-0,2021-09-28,10.1007/s12517-021-08471-8,Springer,69,1,0
10.1007/s12517-021-07462-z,2021-09-28,10.1007/s12517-021-08471-8,Springer,69,1,0
10.1007/s12517-021-08184-y,2021-09-28,10.1007/s12517-021-08471-8,Springer,69,1,0
10.1007/s12517-021-07709-9,2021-09-28,10.1007/s12517-021-08471-8,Springer,69,1,0
10.1007/s12517-021-07954-y,2021-09-28,10.1007/s12517-021-08471-8,Springer,69,1,0
10.1007/s12517-021-08072-5,2021-09-28,10.1007/s12517-021-08471-8,Springer,72,1,0
10.1007/s12517-021-08122-y,2021-09-28,10.1007/s12517-021-08471-8,Springer,72,1,0
10.1007/s12517-021-07923-5,2021-09-28,10.1007/s12517-021-08471-8,Springer,76,1,0
10.1007/s12517-021-06900-2,2021-09-28,10.1007/s12517-021-08471-8,Springer,77,1,0
10.1007/s12517-021-07740-w,2021-09-28,10.1007/s12517-021-08471-8,Springer,77,1,0
10.1007/s12517-021-07357-z,2021-09-28,10.1007/s12517-021-08471-8,Springer,44,1,0
10.1007/s12517-021-08031-0,2021-09-28,10.1007/s12517-021-08471-8,Springer,50,1,0
10.1007/s12517-021-08002-5,2021-09-28,10.1007/s12517-021-08471-8,Springer,55,1,0
10.1007/s12517-021-08027-w,2021-09-28,10.1007/s12517-021-08471-8,Springer,42,1,0
10.1007/s12517-021-07479-4,2021-09-28,10.1007/s12517-021-08471-8,Springer,58,1,0
10.1007/s12517-021-06856-3,2021-09-28,10.1007/s12517-021-08471-8,Springer,48,1,0
10.1007/s12517-021-07389-5,2021-09-28,10.1007/s12517-021-08471-8,Springer,55,1,0
10.1007/s12517-021-07405-8,2021-09-28,10.1007/s12517-021-08471-8,Springer,56,1,0
10.1007/s12517-021-08169-x,2021-09-28,10.1007/s12517-021-08471-8,Springer,45,1,0
10.1007/s12517-021-07750-8,2021-09-28,10.1007/s12517-021-08471-8,Springer,63,1,0
10.1007/s12517-021-08011-4,2021-09-28,10.1007/s12517-021-08471-8,Springer,56,1,0
10.1007/s12517-021-08026-x,2021-09-28,10.1007/s12517-021-08471-8,Springer,56,1,0
10.1007/s12517-021-07898-3,2021-09-28,10.1007/s12517-021-08471-8,Springer,69,1,0
10.1007/s12517-021-07952-0,2021-09-28,10.1007/s12517-021-08471-8,Springer,62,1,0
10.1007/s12517-021-07716-w,2021-09-28,10.1007/s12517-021-08471-8,Springer,48,1,0
10.1007/s12517-021-07942-2,2021-09-28,10.1007/s12517-021-08471-8,Springer,42,1,0
10.1007/s12517-021-07254-5,2021-09-28,10.1007/s12517-021-08471-8,Springer,72,1,0
10.1007/s12517-021-07889-4,2021-09-28,10.1007/s12517-021-08471-8,Springer,69,1,0
10.1007/s12517-021-07179-z,2021-09-28,10.1007/s12517-021-08471-8,Springer,69,1,0
10.1007/s12517-021-07355-1,2021-09-28,10.1007/s12517-021-08471-8,Springer,56,1,0
10.1007/s12517-021-07460-1,2021-09-28,10.1007/s12517-021-08471-8,Springer,45,1,0
10.1007/s12517-021-07338-2,2021-09-28,10.1007/s12517-021-08471-8,Springer,44,1,0
10.1007/s12517-021-07358-y,2021-09-28,10.1007/s12517-021-08471-8,Springer,42,1,0
10.1007/s12517-021-08115-x,2021-09-28,10.1007/s12517-021-08471-8,Springer,51,1,0
10.1007/s12517-021-07212-1,2021-09-28,10.1007/s12517-021-08471-8,Springer,56,1,0
10.1007/s12517-021-07711-1,2021-09-28,10.1007/s12517-021-08471-8,Springer,76,1,0
10.1007/s12517-021-08004-3,2021-09-28,10.1007/s12517-021-08471-8,Springer,63,1,0
10.1007/s12517-021-07829-2,2021-09-28,10.1007/s12517-021-08471-8,Springer,50,1,0
10.1007/s12517-021-07967-7,2021-09-28,10.1007/s12517-021-08471-8,Springer,62,1,0
10.1007/s12517-021-08082-3,2021-09-28,10.1007/s12517-021-08471-8,Springer,69,1,0
10.1007/s12517-021-07227-8,2021-09-28,10.1007/s12517-021-08471-8,Springer,70,1,0
10.1007/s12517-021-07960-0,2021-09-28,10.1007/s12517-021-08471-8,Springer,48,1,0
10.1007/s12517-021-08076-1,2021-09-28,10.1007/s12517-021-08471-8,Springer,45,1,0
10.1007/s12517-021-08175-z,2021-09-28,10.1007/s12517-021-08471-8,Springer,51,1,0
10.1007/s12517-021-07222-z,2021-09-28,10.1007/s12517-021-08471-8,Springer,65,1,0
10.1007/s12517-021-07336-4,2021-09-28,10.1007/s12517-021-08471-8,Springer,57,1,0
10.1007/s12517-021-07335-5,2021-09-28,10.1007/s12517-021-08471-8,Springer,57,1,0
10.1007/s12517-021-07963-x,2021-09-28,10.1007/s12517-021-08471-8,Springer,69,1,0
10.1007/s12517-021-06796-y,2021-09-28,10.1007/s12517-021-08471-8,Springer,69,1,0
10.1007/s12517-021-07714-y,2021-09-28,10.1007/s12517-021-08471-8,Springer,76,1,0
10.1007/s12517-021-07901-x,2021-09-28,10.1007/s12517-021-08471-8,Springer,55,1,0
10.1007/s12517-021-07146-8,2021-09-28,10.1007/s12517-021-08471-8,Springer,58,1,0
10.1007/s12517-021-07751-7,2021-09-28,10.1007/s12517-021-08471-8,Springer,64,1,0
10.1007/s12517-021-08124-w,2021-09-28,10.1007/s12517-021-08471-8,Springer,50,1,0
10.1007/s12517-021-06979-7,2021-09-28,10.1007/s12517-021-08471-8,Springer,55,1,0
10.1007/s12517-021-07216-x,2021-09-28,10.1007/s12517-021-08471-8,Springer,76,1,0
10.1007/s12517-021-07950-2,2021-09-28,10.1007/s12517-021-08471-8,Springer,42,1,0
10.1007/s12517-021-07895-6,2021-09-28,10.1007/s12517-021-08471-8,Springer,42,1,0
10.1007/s12517-021-06692-5,2021-09-28,10.1007/s12517-021-08471-8,Springer,55,1,0
10.1007/s12517-021-07353-3,2021-09-28,10.1007/s12517-021-08471-8,Springer,42,1,0
10.1007/s12517-021-07903-9,2021-09-28,10.1007/s12517-021-08471-8,Springer,69,1,0
10.1007/s12517-021-07199-9,2021-09-28,10.1007/s12517-021-08471-8,Springer,44,1,0
10.1007/s12517-021-08023-0,2021-09-28,10.1007/s12517-021-08471-8,Springer,50,1,0
10.1007/s12517-021-07727-7,2021-09-28,10.1007/s12517-021-08471-8,Springer,57,1,0
10.1007/s12517-021-06713-3,2021-09-28,10.1007/s12517-021-08471-8,Springer,44,1,0
10.1007/s12517-021-07930-6,2021-09-28,10.1007/s12517-021-08471-8,Springer,69,1,0
10.1007/s12517-021-07214-z,2021-09-28,10.1007/s12517-021-08471-8,Springer,55,1,0
10.1007/s12517-021-07201-4,2021-09-28,10.1007/s12517-021-08471-8,Springer,57,1,0
10.1007/s12517-021-08164-2,2021-09-28,10.1007/s12517-021-08164-2,Springer,76,1,0
10.1007/s12517-021-08022-1,2021-09-28,10.1007/s12517-021-08471-8,Springer,76,1,0
10.1007/s12517-021-07957-9,2021-09-28,10.1007/s12517-021-08471-8,Springer,76,1,0
10.1007/s12517-021-07948-w,2021-09-28,10.1007/s12517-021-08471-8,Springer,76,1,0
10.1007/s12517-021-07404-9,2021-09-28,10.1007/s12517-021-08471-8,Springer,76,1,0
10.1007/s12517-021-07994-4,2021-09-28,10.1007/s12517-021-08471-8,Springer,76,1,0
10.1007/s12517-021-07603-4,2021-09-28,10.1007/s12517-021-08471-8,Springer,76,1,0
10.1007/s12517-021-07758-0,2021-09-28,10.1007/s12517-021-08471-8,Springer,76,1,0
10.1007/s12517-021-07836-3,2021-09-28,10.1007/s12517-021-08471-8,Springer,76,1,0
10.1007/s12517-021-07807-8,2021-09-28,10.1007/s12517-021-08471-8,Springer,62,1,0
10.1007/s12517-021-07938-y,2021-09-28,10.1007/s12517-021-08471-8,Springer,50,1,0
10.1007/s12517-021-06943-5,2021-09-28,10.1007/s12517-021-08471-8,Springer,70,1,0
10.1007/s12517-021-07274-1,2021-09-28,10.1007/s12517-021-08471-8,Springer,48,1,0
10.1007/s12517-021-06925-7,2021-09-28,10.1007/s12517-021-08471-8,Springer,72,1,0
10.1007/s12517-021-08125-9,2021-09-28,10.1007/s12517-021-08471-8,Springer,69,1,0
10.1007/s12517-021-08034-x,2021-09-28,10.1007/s12517-021-08471-8,Springer,48,1,0
10.1007/s12517-021-07753-5,2021-09-28,10.1007/s12517-021-08471-8,Springer,56,1,0
10.1007/s12517-021-07344-4,2021-09-28,10.1007/s12517-021-08471-8,Springer,44,1,0
10.1007/s12517-021-07485-6,2021-09-28,10.1007/s12517-021-08471-8,Springer,69,1,0
10.1007/s12517-021-08123-x,2021-09-28,10.1007/s12517-021-08471-8,Springer,63,1,0
10.1007/s12517-021-07409-4,2021-09-28,10.1007/s12517-021-08471-8,Springer,44,1,0
10.1007/s12517-021-08116-w,2021-09-28,10.1007/s12517-021-08471-8,Springer,51,1,0
10.1007/s12517-021-07657-4,2021-09-28,10.1007/s12517-021-08471-8,Springer,69,1,0
10.1007/s12517-021-07464-x,2021-09-28,10.1007/s12517-021-08471-8,Springer,56,1,0
10.1007/s12517-021-07419-2,2021-09-28,10.1007/s12517-021-08471-8,Springer,69,1,0
10.1007/s12517-021-06805-0,2021-09-28,10.1007/s12517-021-08471-8,Springer,55,1,0
10.1007/s12517-021-08183-z,2021-09-28,10.1007/s12517-021-08471-8,Springer,51,1,0
10.1007/s12517-021-07943-1,2021-09-28,10.1007/s12517-021-08471-8,Springer,72,1,0
10.1007/s12517-021-06716-0,2021-09-28,10.1007/s12517-021-08471-8,Springer,56,1,0
10.1007/s12517-021-07748-2,2021-09-28,10.1007/s12517-021-08471-8,Springer,48,1,0
10.1007/s12517-021-08025-y,2021-09-28,10.1007/s12517-021-08471-8,Springer,42,1,0
10.1007/s12517-021-07708-w,2021-09-28,10.1007/s12517-021-08471-8,Springer,62,1,0
10.1007/s12517-021-08186-w,2021-09-28,10.1007/s12517-021-08471-8,Springer,72,1,0
10.1007/s12517-021-07951-1,2021-09-28,10.1007/s12517-021-08471-8,Springer,72,1,0
10.1007/s12517-021-08163-3,2021-09-28,10.1007/s12517-021-08471-8,Springer,72,1,0
10.1007/s12517-021-07277-y,2021-09-28,10.1007/s12517-021-08471-8,Springer,72,1,0
10.1007/s12517-021-07412-9,2021-09-28,10.1007/s12517-021-08471-8,Springer,71,1,0
10.1007/s12517-021-07723-x,2021-09-28,10.1007/s12517-021-08471-8,Springer,69,1,0
10.1007/s12517-021-07935-1,2021-09-28,10.1007/s12517-021-08471-8,Springer,69,1,0
10.1007/s12517-021-07755-3,2021-09-28,10.1007/s12517-021-08471-8,Springer,48,1,0
10.1007/s12517-021-08018-x,2021-09-28,10.1007/s12517-021-08471-8,Springer,42,1,0
10.1007/s12517-021-07339-1,2021-09-28,10.1007/s12517-021-08471-8,Springer,44,1,0
10.1007/s12517-021-07945-z,2021-09-28,10.1007/s12517-021-08471-8,Springer,50,1,0
10.1007/s12517-021-07420-9,2021-09-28,10.1007/s12517-021-08471-8,Springer,56,1,0
10.1007/s12517-021-07249-2,2021-09-28,10.1007/s12517-021-08471-8,Springer,69,1,0
10.1007/s12517-021-07200-5,2021-09-28,10.1007/s12517-021-08471-8,Springer,45,1,0
10.1007/s12517-021-07205-0,2021-09-28,10.1007/s12517-021-08471-8,Springer,69,1,0
10.1007/s12517-021-07926-2,2021-09-28,10.1007/s12517-021-08471-8,Springer,50,1,0
10.1007/s12517-021-07738-4,2021-09-28,10.1007/s12517-021-08471-8,Springer,55,1,0
10.1007/s12517-021-07995-3,2021-09-28,10.1007/s12517-021-08471-8,Springer,69,1,0
10.1007/s12517-021-08071-6,2021-09-28,10.1007/s12517-021-08471-8,Springer,69,1,0
10.1007/s12517-021-07418-3,2021-09-28,10.1007/s12517-021-08471-8,Springer,69,1,0
10.1007/s12517-021-07759-z,2021-09-28,10.1007/s12517-021-08471-8,Springer,69,1,0
10.1007/s12517-021-07899-2,2021-09-28,10.1007/s12517-021-08471-8,Springer,69,1,0
10.1007/s12517-021-07251-8,2021-09-28,10.1007/s12517-021-08471-8,Springer,69,1,0
10.1007/s12517-021-07166-4,2021-09-28,10.1007/s12517-021-08471-8,Springer,69,1,0
10.1007/s12517-021-08095-y,2021-09-28,10.1007/s12517-021-08471-8,Springer,69,1,0
10.1007/s12517-021-07224-x,2021-09-28,10.1007/s12517-021-08471-8,Springer,69,1,0
10.1007/s12517-021-07761-5,2021-09-28,10.1007/s12517-021-08471-8,Springer,69,1,0
10.1007/s12517-021-06717-z,2021-09-28,10.1007/s12517-021-08471-8,Springer,69,1,0
10.1007/s12517-021-07262-5,2021-09-28,10.1007/s12517-021-08471-8,Springer,69,1,0
10.1007/s12517-021-07756-2,2021-09-28,10.1007/s12517-021-08471-8,Springer,69,1,0
10.1007/s12517-021-08014-1,2021-09-28,10.1007/s12517-021-08471-8,Springer,69,1,0
10.1007/s12517-021-07183-3,2021-09-28,10.1007/s12517-021-08471-8,Springer,70,1,0
10.1007/s12517-021-08127-7,2021-09-28,10.1007/s12517-021-08471-8,Springer,69,1,0
10.1007/s12517-021-07837-2,2021-09-28,10.1007/s12517-021-08471-8,Springer,69,1,0
10.1007/s12517-021-07973-9,2021-09-28,10.1007/s12517-021-08471-8,Springer,69,1,0
10.1007/s12517-021-07180-6,2021-09-28,10.1007/s12517-021-08471-8,Springer,69,1,0
10.1007/s12517-021-08037-8,2021-09-28,10.1007/s12517-021-08471-8,Springer,69,1,0
10.1007/s12517-021-07406-7,2021-09-28,10.1007/s12517-021-08471-8,Springer,69,1,0
10.1007/s12517-021-06794-0,2021-09-28,10.1007/s12517-021-08471-8,Springer,69,1,0
10.1007/s12517-021-08067-2,2021-09-28,10.1007/s12517-021-08471-8,Springer,69,1,0
10.1007/s12517-021-07221-0,2021-09-28,10.1007/s12517-021-08471-8,Springer,69,1,0
10.1007/s12517-021-06795-z,2021-09-28,10.1007/s12517-021-08471-8,Springer,69,1,0
10.1007/s12517-021-07976-6,2021-09-28,10.1007/s12517-021-08471-8,Springer,69,1,0
10.1007/s12517-021-07203-2,2021-09-28,10.1007/s12517-021-08471-8,Springer,69,1,0
10.1007/s12517-021-08118-8,2021-09-28,10.1007/s12517-021-08471-8,Springer,69,1,0
10.1007/s12517-021-07340-8,2021-09-28,10.1007/s12517-021-08471-8,Springer,69,1,0
10.1007/s12517-021-07940-4,2021-09-28,10.1007/s12517-021-08471-8,Springer,69,1,0
10.1007/s12517-021-07273-2,2021-09-28,10.1007/s12517-021-08471-8,Springer,69,1,0
10.1007/s12517-021-08174-0,2021-09-28,10.1007/s12517-021-08471-8,Springer,69,1,0
10.1007/s12517-021-07461-0,2021-09-28,10.1007/s12517-021-08471-8,Springer,69,1,0
10.1007/s00779-021-01616-2,2021-09-28,10.1007/s00779-021-01656-8,Springer,64,1,0
10.1007/s00779-021-01611-7,2021-09-28,10.1007/s00779-021-01656-8,Springer,64,1,0
10.1007/s00779-021-01642-0,2021-09-28,10.1007/s00779-021-01656-8,Springer,64,1,0
10.1007/s00779-021-01623-3,2021-09-28,10.1007/s00779-021-01656-8,Springer,64,1,0
10.1007/s00779-021-01620-6,2021-09-28,10.1007/s00779-021-01656-8,Springer,64,1,0
10.1007/s00779-021-01632-2,2021-09-28,10.1007/s00779-021-01656-8,Springer,64,1,0
10.1007/s00779-021-01613-5,2021-09-28,10.1007/s00779-021-01656-8,Springer,64,1,0
10.1007/s00779-021-01639-9,2021-09-28,10.1007/s00779-021-01656-8,Springer,64,1,0
10.1007/s00779-021-01641-1,2021-09-28,10.1007/s00779-021-01656-8,Springer,64,1,0
10.1007/s00779-021-01622-4,2021-09-28,10.1007/s00779-021-01656-8,Springer,64,1,0
10.1007/s00779-021-01634-0,2021-09-28,10.1007/s00779-021-01656-8,Springer,64,1,0
10.1007/s00779-021-01615-3,2021-09-28,10.1007/s00779-021-01656-8,Springer,64,1,0
10.1007/s00779-021-01636-y,2021-09-28,10.1007/s00779-021-01656-8,Springer,64,1,0
10.1007/s00779-021-01631-3,2021-09-28,10.1007/s00779-021-01656-8,Springer,64,1,0
10.1007/s00779-021-01612-6,2021-09-28,10.1007/s00779-021-01656-8,Springer,64,1,0
10.1007/s00779-021-01629-x,2021-09-28,10.1007/s00779-021-01656-8,Springer,64,1,0
10.1007/s00779-021-01624-2,2021-09-28,10.1007/s00779-021-01656-8,Springer,64,1,0
10.1007/s00779-021-01640-2,2021-09-28,10.1007/s00779-021-01656-8,Springer,64,1,0
10.1007/s00779-021-01621-5,2021-09-28,10.1007/s00779-021-01656-8,Springer,64,1,0
10.1007/s00779-021-01619-z,2021-09-28,10.1007/s00779-021-01656-8,Springer,64,1,0
10.1007/s00779-021-01614-4,2021-09-28,10.1007/s00779-021-01656-8,Springer,64,1,0
10.1007/s00779-021-01635-z,2021-09-28,10.1007/s00779-021-01656-8,Springer,64,1,0
10.1007/s00779-021-01630-4,2021-09-28,10.1007/s00779-021-01656-8,Springer,64,1,0
10.1007/s12517-021-08039-6,2021-09-28,10.1007/s12517-021-08471-8,Springer,50,1,0
10.1007/s12517-021-08084-1,2021-09-28,10.1007/s12517-021-08471-8,Springer,42,1,0
10.1007/s12517-021-07944-0,2021-09-28,10.1007/s12517-021-08471-8,Springer,51,1,0
10.1007/s12517-021-07964-w,2021-09-28,10.1007/s12517-021-08471-8,Springer,62,1,0
10.1007/s12517-021-07641-y,2021-09-28,10.1007/s12517-021-08471-8,Springer,45,1,0
10.1007/s12517-021-08029-8,2021-09-28,10.1007/s12517-021-08471-8,Springer,51,1,0
10.1007/s12517-021-08210-z,2021-09-28,10.1007/s12517-021-08471-8,Springer,55,1,0
10.1007/s12517-021-07968-6,2021-09-28,10.1007/s12517-021-08471-8,Springer,42,1,0
10.1007/s12517-021-07447-y,2021-09-28,10.1007/s12517-021-08471-8,Springer,58,1,0
10.1007/s12517-021-06850-9,2021-09-28,10.1007/s12517-021-08471-8,Springer,48,1,0
10.1007/s12517-021-07402-x,2021-09-28,10.1007/s12517-021-08471-8,Springer,56,1,0
10.1007/s12517-021-07888-5,2021-09-28,10.1007/s12517-021-08471-8,Springer,55,1,0
10.1007/s12517-021-08010-5,2021-09-28,10.1007/s12517-021-08471-8,Springer,51,1,0
10.1007/s12517-021-07953-z,2021-09-28,10.1007/s12517-021-08471-8,Springer,62,1,0
10.1007/s12517-021-07754-4,2021-09-28,10.1007/s12517-021-08471-8,Springer,50,1,0
10.1007/s12517-021-07961-z,2021-09-28,10.1007/s12517-021-08471-8,Springer,42,1,0
10.1007/s12517-021-07893-8,2021-09-28,10.1007/s12517-021-08471-8,Springer,58,1,0
10.1007/s12517-021-07210-3,2021-09-28,10.1007/s12517-021-08471-8,Springer,56,1,0
10.1007/s12517-021-07640-z,2021-09-28,10.1007/s12517-021-08471-8,Springer,45,1,0
10.1007/s12517-021-07928-0,2021-09-28,10.1007/s12517-021-08471-8,Springer,50,1,0
10.1007/s12517-021-07704-0,2021-09-28,10.1007/s12517-021-08471-8,Springer,57,1,0
10.1007/s12517-021-08012-3,2021-09-28,10.1007/s12517-021-08471-8,Springer,50,1,0
10.1007/s12517-021-07735-7,2021-09-28,10.1007/s12517-021-08471-8,Springer,55,1,0
10.1007/s12517-021-07421-8,2021-09-28,10.1007/s12517-021-08471-8,Springer,56,1,0
10.1007/s12517-021-08061-8,2021-09-28,10.1007/s12517-021-08471-8,Springer,62,1,0
10.1007/s12517-021-07364-0,2021-09-28,10.1007/s12517-021-08471-8,Springer,42,1,0
10.1007/s12517-021-07144-w,2021-09-28,10.1007/s12517-021-08471-8,Springer,64,1,0
10.1007/s12517-021-07965-9,2021-09-28,10.1007/s12517-021-08471-8,Springer,62,1,0
10.1007/s12517-021-07764-2,2021-09-28,10.1007/s12517-021-08471-8,Springer,48,1,0
10.1007/s12517-021-07972-w,2021-09-28,10.1007/s12517-021-08471-8,Springer,48,1,0
10.1007/s12517-021-07932-4,2021-09-28,10.1007/s12517-021-08471-8,Springer,45,1,0
10.1007/s12517-021-08030-1,2021-09-28,10.1007/s12517-021-08471-8,Springer,51,1,0
10.1007/s12517-021-07211-2,2021-09-28,10.1007/s12517-021-08471-8,Springer,56,1,0
10.1007/s12517-021-07600-7,2021-09-28,10.1007/s12517-021-08471-8,Springer,57,1,0
10.1007/s12517-021-07892-9,2021-09-28,10.1007/s12517-021-08471-8,Springer,50,1,0
10.1007/s12517-021-07763-3,2021-09-28,10.1007/s12517-021-08471-8,Springer,55,1,0
10.1007/s12517-021-07223-y,2021-09-28,10.1007/s12517-021-08471-8,Springer,64,1,0
10.1007/s12517-021-07122-2,2021-09-28,10.1007/s12517-021-08471-8,Springer,55,1,0
10.1007/s12517-021-07843-4,2021-09-28,10.1007/s12517-021-08471-8,Springer,65,1,0
10.1007/s12517-021-06748-6,2021-09-28,10.1007/s12517-021-08471-8,Springer,64,1,0
10.1007/s12517-021-07244-7,2021-09-28,10.1007/s12517-021-08471-8,Springer,65,1,0
10.1007/s12517-021-07407-6,2021-09-28,10.1007/s12517-021-08471-8,Springer,64,1,0
10.1007/s12517-021-08016-z,2021-09-28,10.1007/s12517-021-08471-8,Springer,55,1,0
10.1007/s12517-021-07411-w,2021-09-28,10.1007/s12517-021-08471-8,Springer,58,1,0
10.1007/s12517-021-07707-x,2021-09-28,10.1007/s12517-021-08471-8,Springer,48,1,0
10.1007/s12517-021-08194-w,2021-09-28,10.1007/s12517-021-08471-8,Springer,45,1,0
10.1007/s12517-021-07198-w,2021-09-28,10.1007/s12517-021-08471-8,Springer,45,1,0
10.1007/s12517-021-08160-6,2021-09-28,10.1007/s12517-021-08471-8,Springer,50,1,0
10.1007/s12517-021-08094-z,2021-09-28,10.1007/s12517-021-08471-8,Springer,45,1,0
10.1007/s12517-021-07732-w,2021-09-28,10.1007/s12517-021-08471-8,Springer,57,1,0
10.1007/s12517-021-07206-z,2021-09-28,10.1007/s12517-021-08471-8,Springer,63,1,0
10.1007/s12517-021-07949-9,2021-09-28,10.1007/s12517-021-08471-8,Springer,63,1,0
10.1007/s12517-021-07974-8,2021-09-28,10.1007/s12517-021-08471-8,Springer,48,1,0
10.1007/s12517-021-08178-w,2021-09-28,10.1007/s12517-021-08471-8,Springer,43,1,0
10.1007/s12517-021-07745-5,2021-09-28,10.1007/s12517-021-08471-8,Springer,48,1,0
10.1007/s12517-021-07933-3,2021-09-28,10.1007/s12517-021-08471-8,Springer,55,1,0
10.1007/s12517-021-08077-0,2021-09-28,10.1007/s12517-021-08471-8,Springer,42,1,0
10.1007/s12517-021-07343-5,2021-09-28,10.1007/s12517-021-08471-8,Springer,44,1,0
10.1007/s12517-021-07623-0,2021-09-28,10.1007/s12517-021-08471-8,Springer,44,1,0
10.1007/s12517-021-08159-z,2021-09-28,10.1007/s12517-021-08471-8,Springer,63,1,0
10.1007/s12517-021-07946-y,2021-09-28,10.1007/s12517-021-08471-8,Springer,51,1,0
10.1007/s12517-021-07253-6,2021-09-28,10.1007/s12517-021-08471-8,Springer,56,1,0
10.1007/s12517-021-06693-4,2021-09-28,10.1007/s12517-021-08471-8,Springer,55,1,0
10.1007/s12517-021-08013-2,2021-09-28,10.1007/s12517-021-08471-8,Springer,51,1,0
10.1007/s12517-021-07622-1,2021-09-28,10.1007/s12517-021-08471-8,Springer,55,1,0
10.1007/s12517-021-07403-w,2021-09-28,10.1007/s12517-021-08471-8,Springer,48,1,0
10.1007/s12517-021-08003-4,2021-09-28,10.1007/s12517-021-08471-8,Springer,49,1,0
10.1007/s12517-021-07415-6,2021-09-28,10.1007/s12517-021-08471-8,Springer,42,1,0
10.1007/s12517-021-07347-1,2021-09-28,10.1007/s12517-021-08471-8.pdf,Springer,48,1,0
10.1007/s12517-021-07334-6,2021-09-28,10.1007/s12517-021-08471-8,Springer,45,1,0
10.1007/s12517-021-07941-3,2021-09-28,10.1007/s12517-021-08471-8,Springer,50,1,0
10.1007/s12517-021-07352-4,2021-09-28,10.1007/s12517-021-08471-8,Springer,56,1,0
10.1007/s12517-021-08182-0,2021-09-28,10.1007/s12517-021-08471-8,Springer,62,1,0
10.1007/s12517-021-08085-0,2021-09-28,10.1007/s12517-021-08471-8,Springer,62,1,0
10.1007/s12517-021-06806-z,2021-09-28,10.1007/s12517-021-08471-8,Springer,62,1,0
10.1007/s12517-021-08024-z,2021-09-28,10.1007/s12517-021-08471-8,Springer,62,1,0
10.1007/s12517-021-07247-4,2021-09-28,10.1007/s12517-021-08471-8,Springer,45,1,0
10.1007/s12517-021-08070-7,2021-09-28,10.1007/s12517-021-08471-8,Springer,51,1,0
10.1007/s12517-021-07737-5,2021-09-28,10.1007/s12517-021-08471-8,Springer,55,1,0
10.1007/s12517-021-08126-8,2021-09-28,10.1007/s12517-021-08471-8,Springer,42,1,0
10.1007/s12517-021-07257-2,2021-09-28,10.1007/s12517-021-08471-8,Springer,56,1,0
10.1007/s12517-021-07153-9,2021-09-28,10.1007/s12517-021-08471-8,Springer,55,1,0
10.1007/s12517-021-08028-9,2021-09-28,10.1007/s12517-021-08471-8,Springer,51,1,0
10.1007/s12517-021-08060-9,2021-09-28,10.1007/s12517-021-08471-8,Springer,57,1,0
10.1007/s12517-021-07746-4,2021-09-28,10.1007/s12517-021-08471-8,Springer,55,1,0
10.1007/s12517-021-08035-w,2021-09-28,10.1007/s12517-021-08471-8,Springer,51,1,0
10.1007/s12517-021-08214-9,2021-09-28,10.1007/s12517-021-08471-8,Springer,48,1,0
10.1007/s12517-021-08007-0,2021-09-28,10.1007/s12517-021-08471-8,Springer,42,1,0
10.1007/s12517-021-07713-z,2021-09-28,10.1007/s12517-021-08471-8,Springer,58,1,0
10.1007/s12517-021-07167-3,2021-09-28,10.1007/s12517-021-08471-8,Springer,58,1,0
10.1007/s12517-021-06788-y,2021-09-28,10.1007/s12517-021-08471-8,Springer,55,1,0
10.1007/s12517-021-08161-5,2021-09-28,10.1007/s12517-021-08471-8,Springer,42,1,0
10.1007/s12517-021-07204-1,2021-09-28,10.1007/s12517-021-08471-8,Springer,56,1,0
10.1007/s12517-021-07213-0,2021-09-28,10.1007/s12517-021-08471-8,Springer,44,1,0
10.1007/s12517-021-07927-1,2021-09-28,10.1007/s12517-021-08471-8,Springer,50,1,0
10.1007/s12517-021-07248-3,2021-09-28,10.1007/s12517-021-08471-8,Springer,55,1,0
10.1007/s12517-021-07956-w,2021-09-28,10.1007/s12517-021-08471-8,Springer,49,1,0
10.1007/s12517-021-08038-7,2021-09-28,10.1007/s12517-021-08471-8,Springer,42,1,0
10.1007/s12517-021-08086-z,2021-09-28,10.1007/s12517-021-08471-8,Springer,48,1,0
10.1007/s12517-021-07463-y,2021-09-28,10.1007/s12517-021-08471-8,Springer,45,1,0
10.1007/s12517-021-07900-y,2021-09-28,10.1007/s12517-021-08471-8,Springer,57,1,0
10.1007/s12517-021-08005-2,2021-09-28,10.1007/s12517-021-08471-8,Springer,50,1,0
10.1007/s12517-021-07169-1,2021-09-28,10.1007/s12517-021-08471-8,Springer,57,1,0
10.1007/s12517-021-08073-4,2021-09-28,10.1007/s12517-021-08471-8,Springer,36,1,0
10.1007/s12517-021-08180-2,2021-09-28,10.1007/s12517-021-08471-8,Springer,36,1,0
10.1007/s12517-021-08020-3,2021-09-28,10.1007/s12517-021-08471-8,Springer,36,1,0
10.1007/s12517-021-08065-4,2021-09-28,10.1007/s12517-021-08471-8,Springer,36,1,0
10.1007/s12517-021-08075-2,2021-09-28,10.1007/s12517-021-08471-8,Springer,36,1,0
10.1007/s12517-021-08113-z,2021-09-28,10.1007/s12517-021-08471-8,Springer,36,1,0
10.1007/s12517-021-08087-y,2021-09-28,10.1007/s12517-021-08471-8,Springer,36,1,0
10.1007/s12517-021-08009-y,2021-09-28,10.1007/s12517-021-08471-8,Springer,36,1,0
10.1007/s12517-021-07858-x,2021-09-28,10.1007/s12517-021-08471-8,Springer,36,1,0
10.1007/s12517-021-08062-7,2021-09-28,10.1007/s12517-021-08471-8,Springer,36,1,0
10.1007/s12517-021-07577-3,2021-09-28,10.1007/s12517-021-08471-8,Springer,,0,0
10.1007/s12517-021-07576-4,2021-09-28,10.1007/s12517-021-08471-8,Springer,,0,0
10.1007/s12517-021-07700-4,2021-09-28,10.1007/s12517-021-08471-8,Springer,,0,0
10.1007/s12517-020-05717-9,2021-09-28,10.1007/s12517-021-08471-8,Springer,,0,0
10.1007/s12517-020-05716-w,2021-09-28,10.1007/s12517-021-08471-8,Springer,,0,0
10.1007/s12517-020-05689-w,2021-09-28,10.1007/s12517-021-08471-8,Springer,,0,0
10.1007/s12517-020-05768-y,2021-09-28,10.1007/s12517-021-08471-8,Springer,,0,0
10.1007/s12517-020-05867-w,2021-09-28,10.1007/s12517-021-08471-8,Springer,,0,0
10.1007/s12517-020-05731-x,2021-09-28,10.1007/s12517-021-08471-8,Springer,,0,0
10.1007/s12517-020-05956-w,2021-09-28,10.1007/s12517-021-08471-8,Springer,,0,0
10.1007/s12517-020-06091-2,2021-09-28,10.1007/s12517-021-08471-8,Springer,,0,0
10.1007/s12517-020-06078-z,2021-09-28,10.1007/s12517-021-08471-8,Springer,,0,0
10.1007/s12517-020-06231-8,2021-09-28,10.1007/s12517-021-08471-8,Springer,,0,0
10.1007/s12517-020-06211-y,2021-09-28,10.1007/s12517-021-08471-8,Springer,,0,0
10.1007/s12517-020-06319-1,2021-09-28,10.1007/s12517-021-08471-8,Springer,,0,0
10.1007/s12517-020-06275-w,2021-09-28,10.1007/s12517-021-08471-8,Springer,,0,0
10.1007/s12517-020-06404-5,2021-09-28,10.1007/s12517-021-08471-8,Springer,,0,0
10.1007/s12517-021-06521-9,2021-09-28,10.1007/s12517-021-08471-8,Springer,,0,0
10.1007/s12517-020-06397-1,2021-09-28,10.1007/s12517-021-08471-8,Springer,,0,0
10.1007/s12517-020-06396-2,2021-09-28,10.1007/s12517-021-08471-8,Springer,,0,0
10.1007/s12517-021-06473-0,2021-09-28,10.1007/s12517-021-08471-8,Springer,,0,0
10.1007/s12517-021-06566-w,2021-09-28,10.1007/s12517-021-08471-8,Springer,,0,0
10.1007/s12517-021-06624-3,2021-09-28,10.1007/s12517-021-08471-8,Springer,,0,0
10.1007/s12517-021-06520-w,2021-09-28,10.1007/s12517-021-08471-8,Springer,,0,0
10.1007/s12517-021-06695-2,2021-09-28,10.1007/s12517-021-08471-8,Springer,,0,0
10.1007/s12517-021-07005-6,2021-09-28,10.1007/s12517-021-08471-8,Springer,,0,0
10.1007/s12517-021-07004-7,2021-09-28,10.1007/s12517-021-08471-8,Springer,,0,0
10.1007/s12517-021-06808-x,2021-09-28,10.1007/s12517-021-08471-8,Springer,,0,0
10.1007/s12517-021-07423-6,2021-09-28,10.1007/s12517-021-08471-8,Springer,,0,0
10.1007/s12517-021-07430-7,2021-09-28,10.1007/s12517-021-08471-8,Springer,,0,0
10.1007/s12517-021-07422-7,2021-09-28,10.1007/s12517-021-08471-8,Springer,,0,0
10.1007/s12517-021-07519-z,2021-09-28,10.1007/s12517-021-08471-8,Springer,,0,0
10.1007/s12517-021-08068-1,2021-09-28,10.1007/s12517-021-08471-8,Springer,36,1,0
10.1007/s12517-021-08117-9,2021-09-28,10.1007/s12517-021-08471-8,Springer,36,1,0
10.1007/s12517-021-07246-5,2021-09-28,10.1007/s12517-021-08471-8,Springer,36,1,0
10.1007/s12517-021-08080-5,2021-09-28,10.1007/s12517-021-08471-8,Springer,36,1,0
10.1007/s12517-021-07966-8,2021-09-28,10.1007/s12517-021-08471-8,Springer,36,1,0
10.1007/s12517-021-07857-y,2021-09-28,10.1007/s12517-021-08471-8,Springer,36,1,0
10.1007/s12517-021-07975-7,2021-09-28,10.1007/s12517-021-08471-8,Springer,36,1,0
10.1007/s12517-021-08181-1,2021-09-28,10.1007/s12517-021-08471-8,Springer,36,1,0
10.1007/s12517-021-08162-4,2021-09-28,10.1007/s12517-021-08471-8,Springer,36,1,0
10.1007/s12517-021-07363-1,2021-09-28,10.1007/s12517-021-08471-8,Springer,36,1,0
10.1007/s12517-021-08179-9,2021-09-28,10.1007/s12517-021-08471-8,Springer,36,1,0
10.1007/s12517-021-07936-0,2021-09-28,10.1007/s12517-021-08471-8,Springer,36,1,0
10.1007/s12517-021-07410-x,2021-09-28,10.1007/s12517-021-08471-8,Springer,32,1,0
10.1007/s12517-021-07513-5,2021-09-28,10.1007/s12517-021-08471-8,Springer,,0,0
10.1007/s12517-021-07629-8,2021-09-28,10.1007/s12517-021-08471-8,Springer,,0,0
10.1007/s12517-021-07630-1,2021-09-28,10.1007/s12517-021-08471-8,Springer,,0,0
10.1007/s12517-021-07725-9,2021-09-28,10.1007/s12517-021-08471-8,Springer,,0,0
10.1007/s12517-021-06797-x,2021-09-28,10.1007/s12517-021-08471-8,Springer,,0,0
10.1007/s12517-021-07597-z,2021-09-28,10.1007/s12517-021-08471-8,Springer,,0,0
10.1007/s12517-021-08001-6,2021-09-28,10.1007/s12517-021-08471-8,Springer,,0,0
10.1007/s12517-021-08112-0,2021-09-28,10.1007/s12517-021-08471-8,Springer,,0,0
10.1007/s12517-021-08058-3,2021-09-28,10.1007/s12517-021-08471-8,Springer,36,1,0
10.1007/s12517-021-07362-2,2021-09-28,10.1007/s12517-021-08471-8,Springer,36,1,0
10.1007/s12517-021-07931-5,2021-09-28,10.1007/s12517-021-08471-8,Springer,36,1,0
10.1007/s12517-021-07890-x,2021-09-28,10.1007/s12517-021-08471-8,Springer,36,1,0
10.1007/s12517-021-08019-w,2021-09-28,10.1007/s12517-021-08471-8,Springer,36,1,0
10.1007/s12517-021-08008-z,2021-09-28,10.1007/s12517-021-08471-8,Springer,36,1,0
10.1007/s12517-021-07413-8,2021-09-28,10.1007/s12517-021-08471-8,Springer,36,1,0
10.1007/s12517-021-07458-9,2021-09-28,10.1007/s12517-021-08471-8,Springer,36,1,0
10.1007/s12517-021-08074-3,2021-09-28,10.1007/s12517-021-08471-8,Springer,36,1,0
10.1007/s12517-021-08209-6,2021-09-28,10.1007/s12517-021-08471-8,Springer,36,1,0
10.1007/s12517-021-07924-4,2021-09-28,10.1007/s12517-021-08471-8,Springer,36,1,0
10.1007/s12517-021-08036-9,2021-09-28,10.1007/s12517-021-08471-8,Springer,36,1,0
10.1007/s12517-021-07934-2,2021-09-28,10.1007/s12517-021-08471-8,Springer,36,1,0
10.1007/s12517-021-08064-5,2021-09-28,10.1007/s12517-021-08471-8,Springer,36,1,0
10.1007/s12517-021-08017-y,2021-09-28,10.1007/s12517-021-08471-8,Springer,36,1,0
10.1007/s12517-021-07897-4,2021-09-28,10.1007/s12517-021-08471-8,Springer,36,1,0
10.1007/s12517-021-07959-7,2021-09-28,10.1007/s12517-021-08471-8,Springer,36,1,0
10.1007/s12517-021-07925-3,2021-09-28,10.1007/s12517-021-08471-8,Springer,36,1,0
10.1007/s12517-021-08069-0,2021-09-28,10.1007/s12517-021-08471-8,Springer,36,1,0
10.1007/s12517-021-07947-x,2021-09-28,10.1007/s12517-021-08471-8,Springer,36,1,0
10.1007/s12517-021-07408-5,2021-09-28,10.1007/s12517-021-08471-8,Springer,36,1,0
10.1007/s12517-021-07835-4,2021-09-28,10.1007/s12517-021-08471-8,Springer,37,1,0
10.1007/s12517-021-07706-y,2021-09-28,10.1007/s12517-021-08471-8,Springer,37,1,0
10.1007/s12517-021-07726-8,2021-09-28,10.1007/s12517-021-08471-8,Springer,37,1,0
10.1007/s12517-021-07220-1,2021-09-28,10.1007/s12517-021-08471-8,Springer,37,1,0
10.1007/s12517-021-07696-x,2021-09-28,10.1007/s12517-021-08471-8,Springer,37,1,0
10.1007/s12517-021-07896-5,2021-09-28,10.1007/s12517-021-08471-8,Springer,37,1,0
10.1007/s12517-021-07715-x,2021-09-28,10.1007/s12517-021-08471-8,Springer,37,1,0
10.1007/s12517-021-07904-8,2021-09-28,10.1007/s12517-021-08471-8,Springer,37,1,0
10.1007/s12517-021-07414-7,2021-09-28,10.1007/s12517-021-08471-8,Springer,37,1,0
10.1007/s12517-021-07838-1,2021-09-28,10.1007/s12517-021-08471-8,Springer,37,1,0
10.1007/s12517-021-08006-1,2021-09-28,10.1007/s12517-021-08471-8,Springer,37,1,0
10.1007/s12517-021-07937-z,2021-09-28,10.1007/s12517-021-08471-8,Springer,37,1,0
10.1007/s12517-021-07712-0,2021-09-28,10.1007/s12517-021-08471-8,Springer,37,1,0
10.1007/s12517-021-07861-2,2021-09-28,10.1007/s12517-021-08471-8,Springer,37,1,0
10.1007/s12517-021-07245-6,2021-09-28,10.1007/s12517-021-08471-8,Springer,37,1,0
10.1007/s12517-021-08187-9,2021-09-28,10.1007/s12517-021-08471-8,Springer,37,1,0
10.1007/s12517-021-08185-x,2021-09-28,10.1007/s12517-021-08471-8,Springer,37,1,0
10.1007/s12517-021-07337-3,2021-09-28,10.1007/s12517-021-08471-8,Springer,37,1,0
10.1007/s12517-021-08177-x,2021-09-28,10.1007/s12517-021-08471-8,Springer,37,1,0
10.1007/s12517-021-08121-z,2021-09-28,10.1007/s12517-021-08471-8,Springer,,0,0
10.1007/s12517-021-07226-9,2021-09-28,10.1007/s12517-021-08471-8,Springer,,0,0
10.1007/s12517-021-07261-6,2021-09-28,10.1007/s12517-021-08471-8,Springer,,0,0
10.1007/s12517-021-07599-x,2021-09-28,10.1007/s12517-021-08471-8,Springer,,0,0
10.1007/s12517-021-07955-x,2021-09-28,10.1007/s12517-021-08471-8,Springer,,0,0
10.1007/s12517-021-07859-w,2021-09-28,10.1007/s12517-021-08471-8,Springer,,0,0
10.1007/s12517-021-07905-7,2021-09-28,10.1007/s12517-021-08471-8,Springer,,0,0
10.1007/s12517-021-07742-8,2021-09-28,10.1007/s12517-021-08471-8,Springer,,0,0
10.1002/ijc.11239,2021-09-29,10.1002/ijc.33825,Wiley,525,1,0
10.1186/2051-5960-1-57,2021-09-29,10.1186/2051-5960-1-57,Springer - Biomed Central (BMC),230,1,0
10.1016/j.ejphar.2019.03.058,2021-09-30,10.1016/j.ejphar.2021.174471,Elsevier,294,1,0
10.1038/sj.onc.1206735,2021-10-01,10.1038/s41388-021-02034-7,Springer - Nature Publishing Group,,0,0
10.4269/ajtmh.20-0873,2021-10-11,10.4269/ajtmh.20-0873,American Society of Tropical Medicine and Hygiene,326,1,0
10.2147/ott.s279798,2021-10-20,10.2147/ott.s344576,Dovepress,644,1,0
10.2147/ott.s253868,2021-10-20,10.2147/ott.s344573,Taylor and Francis - Dove Press,631,1,0
10.2147/ott.s280912,2021-10-20,10.2147/ott.s344575,Taylor and Francis - Dove Press,631,1,0
10.2147/cmar.s277113,2021-10-20,10.2147/cmar.s344584,Taylor and Francis - Dove Press,465,1,0
10.2147/ott.s268678,2021-10-20,10.2147/ott.s344579,Taylor and Francis - Dove Press,331,1,0
10.2147/ott.s278582,2021-10-20,10.2147/ott.s344574,Taylor and Francis - Dove Press,289,1,0
10.1371/journal.pone.0189337,2021-10-21,10.1371/journal.pone.0259176,PLoS,,0,0
10.1098/rsob.190173,2021-10-21,10.1098/rsob.210301,Royal Society Publishing,27,1,0
10.2147/cmar.s280315,2021-10-26,10.2147/cmar.s345539,Taylor and Francis - Dove Press,624,1,0
10.1177/0009922806293897,2021-10-27,10.1177/00099228211057987,SAGE Publications,,0,0
10.1371/journal.pone.0064723,2021-10-28,10.1371/journal.pone.0256488,PLoS,,0,0
10.1203/pdr.0b013e3181975f70,2021-10-29,10.1038/s41390-021-01800-3,Springer,,0,0
10.1093/nar/gki751,2021-10-29,10.1093/nar/gkab1109,Oxford University Press,,0,0
10.1159/000493228,2021-11-02,10.33594/000000468,Cellular Physiol Biochem Press,179,1,0
10.1159/000479456,2021-11-02,10.33594/000000467,Cellular Physiol Biochem Press,,0,0
10.1016/j.yexmp.2021.104658,2021-11-06,10.1016/j.yexmp.2021.104719,Elsevier,,0,0
10.1177/0956797611432497,2021-11-09,10.1177/09567976211058727,SAGE Publications,,0,0
10.1007/s00500-021-06289-w,2021-11-12,10.1007/s00500-021-06289-w,Springer,81,1,0
10.1159/000517117,2021-11-15,10.1159/000520790,Karger,1290,1,0
10.1016/j.bbrc.2018.10.054,2021-11-16,10.1016/j.bbrc.2021.11.056,Elsevier,209,1,0
10.1016/j.bbrc.2018.11.100,2021-11-16,10.1016/j.bbrc.2021.11.057,Elsevier,,0,0
10.1016/j.bbrc.2018.04.184,2021-11-16,10.1016/j.bbrc.2021.11.055,Elsevier,,0,0
10.3233/jifs-189036,2021-11-17,10.3233/jifs-219218,IOS Press (bought by Sage November 2023),,0,0
10.1016/j.jmig.2018.01.036,2021-11-19,10.1016/j.jmig.2021.11.003,Elsevier,,0,0
10.1038/nature23468,2021-11-22,10.1038/nature23468,Springer - Nature Publishing Group,148,1,0
10.1042/bj20040690,2021-11-23,10.1042/bj20040690_eoc,Portland Press,,0,0
10.1161/circ.144.suppl_1.10712,2021-11-24,10.1161/cir.0000000000001051,American Heart Association,,0,0
10.1016/j.ijgo.2015.09.004,2021-11-27,10.1002/ijgo.14039,Wiley,192,1,0
10.1093/milmed/usz295,2021-11-30,10.1093/milmed/usab504,Oxford University Press,183,1,0
10.1093/milmed/usz301,2021-11-30,10.1093/milmed/usab504,Oxford University Press,183,1,0
10.1093/milmed/usz321,2021-11-30,10.1093/milmed/usab504,Oxford University Press,183,1,0
10.1016/j.neubiorev.2021.09.048,2021-12-01,unavailable,Elsevier,379,1,0
10.1007/s12020-020-02315-3,2021-12-03,10.1007/s12020-021-02946-0,Springer,,0,0
10.1007/s11370-020-00325-8,2021-12-06,10.1007/s11370-021-00396-1,Springer,,0,0
10.1177/00207209211013483,2021-12-15,10.1177/00207209211064046,SAGE Publications,686,1,0
10.1177/00207209211013457,2021-12-15,10.1177/00207209211064046,SAGE Publications,686,1,0
10.1177/00207209211013472,2021-12-15,10.1177/00207209211064046,SAGE Publications,686,1,0
10.1177/0020720921997067,2021-12-15,10.1177/00207209211064046,SAGE Publications,686,1,0
10.1177/0020720921996607,2021-12-15,10.1177/00207209211064046,SAGE Publications,686,1,0
10.1177/00207209211007768,2021-12-15,10.1177/00207209211064046,SAGE Publications,686,1,0
10.1177/0020720920985056,2021-12-15,10.1177/00207209211064046,SAGE Publications,686,1,0
10.1177/00207209211005261,2021-12-15,10.1177/00207209211064046,SAGE Publications,686,1,0
10.1177/00207209211005273,2021-12-15,10.1177/00207209211064046,SAGE Publications,686,1,0
10.1177/00207209211005269,2021-12-15,10.1177/00207209211064046,SAGE Publications,686,1,0
10.1177/00207209211005258,2021-12-15,10.1177/00207209211064046,SAGE Publications,686,1,0
10.1177/00207209211004212,2021-12-15,10.1177/00207209211064046,SAGE Publications,686,1,0
10.1177/00207209211007765,2021-12-15,10.1177/00207209211064046,SAGE Publications,686,1,0
10.1177/0020720920983505,2021-12-15,10.1177/00207209211064046,SAGE Publications,686,1,0
10.1177/00207209211005271,2021-12-15,10.1177/00207209211064046,SAGE Publications,686,1,0
10.1177/0020720920984675,2021-12-15,10.1177/00207209211064046,SAGE Publications,686,1,0
10.1177/00207209211002085,2021-12-15,10.1177/00207209211064046,SAGE Publications,686,1,0
10.1177/00207209211003206,2021-12-15,10.1177/00207209211064046,SAGE Publications,686,1,0
10.1177/0020720920984316,2021-12-15,10.1177/00207209211064046,SAGE Publications,686,1,0
10.1177/00207209211003265,2021-12-15,10.1177/00207209211064046,SAGE Publications,686,1,0
10.1177/00207209211002077,2021-12-15,10.1177/00207209211064046,SAGE Publications,686,1,0
10.1177/0020720921999771,2021-12-15,10.1177/00207209211064046,SAGE Publications,686,1,0
10.1177/0020720920984673,2021-12-15,10.1177/00207209211064046,SAGE Publications,686,1,0
10.1177/0020720920983990,2021-12-15,10.1177/00207209211064046,SAGE Publications,686,1,0
10.1177/0020720920984683,2021-12-15,10.1177/00207209211064046,SAGE Publications,686,1,0
10.1177/0020720920985046,2021-12-15,10.1177/00207209211064046,SAGE Publications,686,1,0
10.1177/0020720921996592,2021-12-15,10.1177/00207209211064046,SAGE Publications,686,1,0
10.1177/0020720921996610,2021-12-15,10.1177/00207209211064046,SAGE Publications,686,1,0
10.1177/0020720921996600,2021-12-15,10.1177/00207209211064046,SAGE Publications,686,1,0
10.1177/0020720921996604,2021-12-15,10.1177/00207209211064046,SAGE Publications,686,1,0
10.1177/0020720920988495,2021-12-15,10.1177/00207209211064046,SAGE Publications,686,1,0
10.1177/0020720920983706,2021-12-15,10.1177/00207209211064046,SAGE Publications,686,1,0
10.1177/0020720920984309,2021-12-15,10.1177/00207209211064046,SAGE Publications,686,1,0
10.1177/0020720920988497,2021-12-15,10.1177/00207209211064046,SAGE Publications,686,1,0
10.1177/0020720920983558,2021-12-15,10.1177/00207209211064046,SAGE Publications,686,1,0
10.1177/0020720920984678,2021-12-15,10.1177/00207209211064046,SAGE Publications,,0,0
10.1177/0020720920986070,2021-12-15,10.1177/00207209211064046,SAGE Publications,686,1,0
10.1177/0020720920984312,2021-12-15,10.1177/00207209211064046,SAGE Publications,686,1,0
10.1177/0020720920983517,2021-12-15,10.1177/00207209211064046,SAGE Publications,686,1,0
10.1177/0020720920984308,2021-12-15,10.1177/00207209211064046,SAGE Publications,686,1,0
10.1177/0020720920984323,2021-12-15,10.1177/00207209211064046,SAGE Publications,686,1,0
10.1177/0020720920984325,2021-12-15,10.1177/00207209211064046,SAGE Publications,686,1,0
10.1177/0020720920983543,2021-12-15,10.1177/00207209211064046,SAGE Publications,686,1,0
10.1177/0020720920983555,2021-12-15,10.1177/00207209211064046,SAGE Publications,686,1,0
10.1177/0020720920983710,2021-12-15,10.1177/00207209211064046,SAGE Publications,686,1,0
10.1177/0020720920983693,2021-12-15,10.1177/00207209211064046,SAGE Publications,686,1,0
10.1177/0020720920984681,2021-12-15,10.1177/00207209211064046,SAGE Publications,686,1,0
10.1177/0020720920985042,2021-12-15,10.1177/00207209211064046,SAGE Publications,686,1,0
10.1177/0020720920986075,2021-12-15,10.1177/00207209211064046,SAGE Publications,686,1,0
10.1177/0020720920985057,2021-12-15,10.1177/00207209211064046,SAGE Publications,686,1,0
10.1177/0020720920983529,2021-12-15,10.1177/00207209211064046,SAGE Publications,686,1,0
10.1177/0020720920983498,2021-12-15,10.1177/00207209211064046,SAGE Publications,686,1,0
10.1177/0020720920953126,2021-12-15,10.1177/00207209211064046,SAGE Publications,686,1,0
10.1177/0020720920940576,2021-12-15,10.1177/00207209211064046,SAGE Publications,686,1,0
10.1177/0020720920944441,2021-12-15,10.1177/00207209211064046,SAGE Publications,686,1,0
10.1177/0020720920940577,2021-12-15,10.1177/00207209211064046,SAGE Publications,686,1,0
10.1177/0020720920940604,2021-12-15,10.1177/00207209211064046,SAGE Publications,686,1,0
10.1177/0020720920940611,2021-12-15,10.1177/00207209211064046,SAGE Publications,686,1,0
10.1177/0020720920936838,2021-12-15,10.1177/00207209211064046,SAGE Publications,686,1,0
10.1177/0020720920940593,2021-12-15,10.1177/00207209211064046,SAGE Publications,686,1,0
10.1177/0020720920931073,2021-12-15,10.1177/00207209211064046,SAGE Publications,686,1,0
10.1177/0020720920931445,2021-12-15,10.1177/00207209211064046,SAGE Publications,686,1,0
10.1177/0020720920936839,2021-12-15,10.1177/00207209211064046,SAGE Publications,686,1,0
10.1177/0020720920931439,2021-12-15,10.1177/00207209211064046,SAGE Publications,686,1,0
10.1177/0020720920931067,2021-12-15,10.1177/00207209211064046,SAGE Publications,686,1,0
10.1177/0020720920931071,2021-12-15,10.1177/00207209211064046,SAGE Publications,686,1,0
10.1177/0020720920928459,2021-12-15,10.1177/00207209211064046,SAGE Publications,686,1,0
10.1177/0020720920928464,2021-12-15,10.1177/00207209211064046,SAGE Publications,686,1,0
10.1177/0020720920928536,2021-12-15,10.1177/00207209211064046,SAGE Publications,686,1,0
10.1177/0020720919894199,2021-12-15,10.1177/00207209211064046,SAGE Publications,686,1,0
10.1177/0020720919891076,2021-12-15,10.1177/00207209211064046,SAGE Publications,686,1,0
10.1177/0020720919894194,2021-12-15,10.1177/00207209211064046,SAGE Publications,686,1,0
10.1177/0020720919894196,2021-12-15,10.1177/00207209211064046,SAGE Publications,686,1,0
10.1177/0020720919883802,2021-12-15,10.1177/00207209211064046,SAGE Publications,686,1,0
10.1177/0020720919837860,2021-12-15,10.1177/00207209211064046,SAGE Publications,686,1,0
10.1177/0020720919837868,2021-12-15,10.1177/00207209211064046,SAGE Publications,686,1,0
10.1177/0020720919851500,2021-12-15,10.1177/00207209211064046,SAGE Publications,686,1,0
10.1177/0020720919834668,2021-12-15,10.1177/00207209211064046,SAGE Publications,686,1,0
10.1177/0020720919844216,2021-12-15,10.1177/00207209211064046,SAGE Publications,686,1,0
10.1177/0020720919844208,2021-12-15,10.1177/00207209211064046,SAGE Publications,686,1,0
10.1177/00207209211013500,2021-12-15,10.1177/00207209211064046,SAGE Publications,686,1,0
10.1177/00207209211007771,2021-12-15,10.1177/00207209211064046,SAGE Publications,686,1,0
10.1177/00207209211013455,2021-12-15,10.1177/00207209211064046,SAGE Publications,686,1,0
10.1177/00207209211013474,2021-12-15,10.1177/00207209211064046,SAGE Publications,686,1,0
10.1177/00207209211013466,2021-12-15,10.1177/00207209211064046,SAGE Publications,686,1,0
10.1177/0020720920983709,2021-12-15,10.1177/00207209211064046,SAGE Publications,686,1,0
10.1177/00207209211003210,2021-12-15,10.1177/00207209211064046,SAGE Publications,686,1,0
10.1177/00207209211013464,2021-12-15,10.1177/00207209211064046,SAGE Publications,686,1,0
10.1177/00207209211003236,2021-12-15,10.1177/00207209211064046,SAGE Publications,686,1,0
10.1177/00207209211003254,2021-12-15,10.1177/00207209211064046,SAGE Publications,686,1,0
10.1177/00207209211007774,2021-12-15,10.1177/00207209211064046,SAGE Publications,686,1,0
10.1177/00207209211005265,2021-12-15,10.1177/00207209211064046,SAGE Publications,686,1,0
10.1177/0020720920984685,2021-12-15,10.1177/00207209211064046,SAGE Publications,686,1,0
10.1177/0020720921996599,2021-12-15,10.1177/00207209211064046,SAGE Publications,686,1,0
10.1177/0020720920986090,2021-12-15,10.1177/00207209211064046,SAGE Publications,686,1,0
10.1177/0020720921997048,2021-12-15,10.1177/00207209211064046,SAGE Publications,686,1,0
10.1177/00207209211003253,2021-12-15,10.1177/00207209211064046,SAGE Publications,686,1,0
10.1177/00207209211004223,2021-12-15,10.1177/00207209211064046,SAGE Publications,686,1,0
10.1177/00207209211005274,2021-12-15,10.1177/00207209211064046,SAGE Publications,686,1,0
10.1177/00207209211002091,2021-12-15,10.1177/00207209211064046,SAGE Publications,686,1,0
10.1177/00207209211004207,2021-12-15,10.1177/00207209211064046,SAGE Publications,686,1,0
10.1177/00207209211003270,2021-12-15,10.1177/00207209211064046,SAGE Publications,686,1,0
10.1177/00207209211004224,2021-12-15,10.1177/00207209211064046,SAGE Publications,686,1,0
10.1177/0020720921996609,2021-12-15,10.1177/00207209211064046,SAGE Publications,686,1,0
10.1177/00207209211003212,2021-12-15,10.1177/00207209211064046,SAGE Publications,686,1,0
10.1177/00207209211003219,2021-12-15,10.1177/00207209211064046,SAGE Publications,686,1,0
10.1177/00207209211003268,2021-12-15,10.1177/00207209211064046,SAGE Publications,686,1,0
10.1177/00207209211004222,2021-12-15,10.1177/00207209211064046,SAGE Publications,686,1,0
10.1177/0020720920983559,2021-12-15,10.1177/00207209211064046,SAGE Publications,686,1,0
10.1177/0020720921996589,2021-12-15,10.1177/00207209211064046,SAGE Publications,686,1,0
10.1177/0020720921996595,2021-12-15,10.1177/00207209211064046,SAGE Publications,686,1,0
10.1177/0020720920986089,2021-12-15,10.1177/00207209211064046,SAGE Publications,686,1,0
10.1177/0020720920983540,2021-12-15,10.1177/00207209211064046,SAGE Publications,686,1,0
10.1177/0020720920988488,2021-12-15,10.1177/00207209211064046,SAGE Publications,686,1,0
10.1177/0020720921998219,2021-12-15,10.1177/00207209211064046,SAGE Publications,686,1,0
10.1177/0020720921996608,2021-12-15,10.1177/00207209211064046,SAGE Publications,686,1,0
10.1177/0020720920985047,2021-12-15,10.1177/00207209211064046,SAGE Publications,686,1,0
10.1177/0020720920988494,2021-12-15,10.1177/00207209211064046,SAGE Publications,686,1,0
10.1177/0020720920983526,2021-12-15,10.1177/00207209211064046,SAGE Publications,686,1,0
10.1177/0020720920983545,2021-12-15,10.1177/00207209211064046,SAGE Publications,686,1,0
10.1177/0020720920983708,2021-12-15,10.1177/00207209211064046,SAGE Publications,686,1,0
10.1177/0020720920984680,2021-12-15,10.1177/00207209211064046,SAGE Publications,686,1,0
10.1177/0020720920984311,2021-12-15,10.1177/00207209211064046,SAGE Publications,686,1,0
10.1177/0020720920985051,2021-12-15,10.1177/00207209211064046,SAGE Publications,686,1,0
10.1177/0020720920985041,2021-12-15,10.1177/00207209211064046,SAGE Publications,686,1,0
10.1177/0020720920983502,2021-12-15,10.1177/00207209211064046,SAGE Publications,686,1,0
10.1177/0020720920983537,2021-12-15,10.1177/00207209211064046,SAGE Publications,686,1,0
10.1177/0020720920985054,2021-12-15,10.1177/00207209211064046,SAGE Publications,686,1,0
10.1177/0020720920983504,2021-12-15,10.1177/00207209211064046,SAGE Publications,686,1,0
10.1177/0020720920984000,2021-12-15,10.1177/00207209211064046,SAGE Publications,686,1,0
10.1177/0020720920986086,2021-12-15,10.1177/00207209211064046,SAGE Publications,686,1,0
10.1177/0020720920988487,2021-12-15,10.1177/00207209211064046,SAGE Publications,686,1,0
10.1177/0020720920983994,2021-12-15,10.1177/00207209211064046,SAGE Publications,686,1,0
10.1177/0020720920983527,2021-12-15,10.1177/00207209211064046,SAGE Publications,686,1,0
10.1177/0020720920983999,2021-12-15,10.1177/00207209211064046,SAGE Publications,686,1,0
10.1177/0020720920984050,2021-12-15,10.1177/00207209211064046,SAGE Publications,686,1,0
10.1177/0020720920984310,2021-12-15,10.1177/00207209211064046,SAGE Publications,686,1,0
10.1177/0020720920983510,2021-12-15,10.1177/00207209211064046,SAGE Publications,686,1,0
10.1177/0020720920983503,2021-12-15,10.1177/00207209211064046,SAGE Publications,686,1,0
10.1177/0020720920983702,2021-12-15,10.1177/00207209211064046,SAGE Publications,686,1,0
10.1177/0020720920944434,2021-12-15,10.1177/00207209211064046,SAGE Publications,686,1,0
10.1177/0020720920940581,2021-12-15,10.1177/00207209211064046,SAGE Publications,686,1,0
10.1177/0020720920940573,2021-12-15,10.1177/00207209211064046,SAGE Publications,686,1,0
10.1177/0020720920940584,2021-12-15,10.1177/00207209211064046,SAGE Publications,686,1,0
10.1177/0020720920940614,2021-12-15,10.1177/00207209211064046,SAGE Publications,686,1,0
10.1177/0020720920940612,2021-12-15,10.1177/00207209211064046,SAGE Publications,686,1,0
10.1177/0020720920940605,2021-12-15,10.1177/00207209211064046,SAGE Publications,686,1,0
10.1177/0020720920940610,2021-12-15,10.1177/00207209211064046,SAGE Publications,686,1,0
10.1177/0020720920931432,2021-12-15,10.1177/00207209211064046,SAGE Publications,686,1,0
10.1177/0020720920930365,2021-12-15,10.1177/00207209211064046,SAGE Publications,686,1,0
10.1177/0020720919897554,2021-12-15,10.1177/00207209211064046,SAGE Publications,686,1,0
10.1177/0020720919894198,2021-12-15,10.1177/00207209211064046,SAGE Publications,686,1,0
10.1177/0020720919891071,2021-12-15,10.1177/00207209211064046,SAGE Publications,686,1,0
10.1177/0020720919891065,2021-12-15,10.1177/00207209211064046,SAGE Publications,686,1,0
10.1177/0020720919891064,2021-12-15,10.1177/00207209211064046,SAGE Publications,686,1,0
10.1177/0020720919879383,2021-12-15,10.1177/00207209211064046,SAGE Publications,686,1,0
10.1177/0020720919879388,2021-12-15,10.1177/00207209211064046,SAGE Publications,686,1,0
10.1177/0020720919857632,2021-12-15,10.1177/00207209211064046,SAGE Publications,686,1,0
10.1177/0020720919845152,2021-12-15,10.1177/00207209211064046,SAGE Publications,686,1,0
10.1177/0020720919833036,2021-12-15,10.1177/00207209211064046,SAGE Publications,686,1,0
10.1177/0020720919833031,2021-12-15,10.1177/00207209211064046,SAGE Publications,686,1,0
10.1177/0020720919833053,2021-12-15,10.1177/00207209211064046,SAGE Publications,686,1,0
10.1177/0020720919829710,2021-12-15,10.1177/00207209211064046,SAGE Publications,686,1,0
10.1177/0020720918825239,2021-12-15,10.1177/00207209211064046,SAGE Publications,686,1,0
10.1177/0020720918813808,2021-12-15,10.1177/00207209211064046,SAGE Publications,686,1,0
10.1177/0020720918813836,2021-12-15,10.1177/00207209211064046,SAGE Publications,686,1,0
10.1177/0020720918813828,2021-12-15,10.1177/00207209211064046,SAGE Publications,686,1,0
10.1177/0020720918816002,2021-12-15,10.1177/00207209211064046,SAGE Publications,686,1,0
10.1177/0020720917750956,2021-12-15,10.1177/00207209211064046,SAGE Publications,686,1,0
10.1177/0020720920984005,2021-12-15,10.1177/00207209211064046,SAGE Publications,686,1,0
10.1177/00207209211004225,2021-12-15,10.1177/00207209211064046,SAGE Publications,686,1,0
10.1177/0020720921997059,2021-12-15,10.1177/00207209211064046,SAGE Publications,686,1,0
10.1177/0020720921996591,2021-12-15,10.1177/00207209211064046,SAGE Publications,686,1,0
10.1177/00207209211002082,2021-12-15,10.1177/00207209211064046,SAGE Publications,686,1,0
10.1177/0020720920983554,2021-12-15,10.1177/00207209211064046,SAGE Publications,686,1,0
10.1177/0020720920984318,2021-12-15,10.1177/00207209211064046,SAGE Publications,686,1,0
10.1177/0020720920983514,2021-12-15,10.1177/00207209211064046,SAGE Publications,686,1,0
10.1177/0020720919897561,2021-12-15,10.1177/00207209211064046,SAGE Publications,686,1,0
10.1177/0020720919891067,2021-12-15,10.1177/00207209211064046,SAGE Publications,686,1,0
10.1177/0020720919884245,2021-12-15,10.1177/00207209211064046,SAGE Publications,686,1,0
10.1177/0020720919884238,2021-12-15,10.1177/00207209211064046,SAGE Publications,686,1,0
10.1177/0020720919884247,2021-12-15,10.1177/00207209211064046,SAGE Publications,686,1,0
10.1177/0020720919883794,2021-12-15,10.1177/00207209211064046,SAGE Publications,686,1,0
10.1177/0020720919879395,2021-12-15,10.1177/00207209211064046,SAGE Publications,686,1,0
10.1177/0020720919847542,2021-12-15,10.1177/00207209211064046,SAGE Publications,686,1,0
10.1177/0020720919844207,2021-12-15,10.1177/00207209211064046,SAGE Publications,686,1,0
10.1177/0020720918822736,2021-12-15,10.1177/00207209211064046,SAGE Publications,686,1,0
10.1177/0020720918813816,2021-12-15,10.1177/00207209211064046,SAGE Publications,686,1,0
10.1177/0020720918815999,2021-12-15,10.1177/00207209211064046,SAGE Publications,686,1,0
10.1177/00207209211013496,2021-12-15,10.1177/00207209211064046,SAGE Publications,686,1,0
10.1177/00207209211004202,2021-12-15,10.1177/00207209211064046,SAGE Publications,686,1,0
10.1177/00207209211005276,2021-12-15,10.1177/00207209211064046,SAGE Publications,686,1,0
10.1177/00207209211002076,2021-12-15,10.1177/00207209211064046,SAGE Publications,686,1,0
10.1177/00207209211003243,2021-12-15,10.1177/00207209211064046,SAGE Publications,686,1,0
10.1177/0020720921999774,2021-12-15,10.1177/00207209211064046,SAGE Publications,686,1,0
10.1177/00207209211002086,2021-12-15,10.1177/00207209211064046,SAGE Publications,686,1,0
10.1177/00207209211004203,2021-12-15,10.1177/00207209211064046,SAGE Publications,686,1,0
10.1177/0020720921996606,2021-12-15,10.1177/00207209211064046,SAGE Publications,686,1,0
10.1177/0020720920985039,2021-12-15,10.1177/00207209211064046,SAGE Publications,686,1,0
10.1177/0020720920983995,2021-12-15,10.1177/00207209211064046,SAGE Publications,686,1,0
10.1177/0020720920983497,2021-12-15,10.1177/00207209211064046,SAGE Publications,686,1,0
10.1177/0020720920983546,2021-12-15,10.1177/00207209211064046,SAGE Publications,686,1,0
10.1177/0020720920940589,2021-12-15,10.1177/00207209211064046,SAGE Publications,686,1,0
10.1177/0020720920931438,2021-12-15,10.1177/00207209211064046,SAGE Publications,686,1,0
10.1177/0020720920928510,2021-12-15,10.1177/00207209211064046,SAGE Publications,686,1,0
10.1177/0020720920901434,2021-12-15,10.1177/00207209211064046,SAGE Publications,686,1,0
10.1177/0020720919830905,2021-12-15,10.1177/00207209211064046,SAGE Publications,686,1,0
10.1177/0020720918800634,2021-12-15,10.1177/00207209211064046,SAGE Publications,,0,0
10.1177/0020720919833052,2021-12-15,10.1177/00207209211064046,SAGE Publications,,0,0
10.1177/0020720919833040,2021-12-15,10.1177/00207209211064046,SAGE Publications,,0,0
10.1177/0020720919844218,2021-12-15,10.1177/00207209211064046,SAGE Publications,,0,0
10.1177/0020720919848742,2021-12-15,10.1177/00207209211064046,SAGE Publications,,0,0
10.1177/0020720919841686,2021-12-15,10.1177/00207209211064046,SAGE Publications,,0,0
10.1177/0020720919865836,2021-12-15,10.1177/00207209211064046,SAGE Publications,,0,0
10.1177/0020720919883797,2021-12-15,10.1177/00207209211064046,SAGE Publications,,0,0
10.1177/0020720919883800,2021-12-15,10.1177/00207209211064046,SAGE Publications,,0,0
10.1177/0020720919883803,2021-12-15,10.1177/00207209211064046,SAGE Publications,,0,0
10.1177/0020720919883798,2021-12-15,10.1177/00207209211064046,SAGE Publications,,0,0
10.1177/00207209211064046,2021-12-15,10.1177/00207209211064046,SAGE Publications,,0,0
10.1177/0020720919884243,2021-12-15,10.1177/00207209211064046,SAGE Publications,,0,0
10.1177/0020720919894192,2021-12-15,10.1177/00207209211064046,SAGE Publications,,0,0
10.1177/0020720919894203,2021-12-15,10.1177/00207209211064046,SAGE Publications,,0,0
10.1177/0020720919895908,2021-12-15,10.1177/00207209211064046,SAGE Publications,,0,0
10.1177/0020720919891069,2021-12-15,10.1177/00207209211064046,SAGE Publications,,0,0
10.1177/0020720919897564,2021-12-15,10.1177/00207209211064046,SAGE Publications,,0,0
10.1177/0020720920918153,2021-12-15,10.1177/00207209211064046,SAGE Publications,,0,0
10.1177/0020720920923663,2021-12-15,10.1177/00207209211064046,SAGE Publications,,0,0
10.1177/0020720920922517,2021-12-15,10.1177/00207209211064046,SAGE Publications,,0,0
10.1177/0020720920928456,2021-12-15,10.1177/00207209211064046,SAGE Publications,,0,0
10.1177/0020720920928537,2021-12-15,10.1177/00207209211064046,SAGE Publications,,0,0
10.1177/0020720920928543,2021-12-15,10.1177/00207209211064046,SAGE Publications,,0,0
10.1177/0020720920928477,2021-12-15,10.1177/00207209211064046,SAGE Publications,,0,0
10.1177/0020720920931076,2021-12-15,10.1177/00207209211064046,SAGE Publications,,0,0
10.1177/0020720920931079,2021-12-15,10.1177/00207209211064046,SAGE Publications,,0,0
10.1177/0020720920931427,2021-12-15,10.1177/00207209211064046,SAGE Publications,,0,0
10.1177/0020720920936834,2021-12-15,10.1177/00207209211064046,SAGE Publications,,0,0
10.1177/0020720920928540,2021-12-15,10.1177/00207209211064046,SAGE Publications,,0,0
10.1177/0020720920936837,2021-12-15,10.1177/00207209211064046,SAGE Publications,,0,0
10.1177/0020720920940586,2021-12-15,10.1177/00207209211064046,SAGE Publications,,0,0
10.1177/0020720920940582,2021-12-15,10.1177/00207209211064046,SAGE Publications,,0,0
10.1177/0020720920940588,2021-12-15,10.1177/00207209211064046,SAGE Publications,,0,0
10.1177/0020720920940599,2021-12-15,10.1177/00207209211064046,SAGE Publications,,0,0
10.1177/0020720920940601,2021-12-15,10.1177/00207209211064046,SAGE Publications,,0,0
10.1177/0020720920940575,2021-12-15,10.1177/00207209211064046,SAGE Publications,,0,0
10.1177/0020720920929662,2021-12-15,10.1177/00207209211064046,SAGE Publications,,0,0
10.1177/0020720920940579,2021-12-15,10.1177/00207209211064046,SAGE Publications,,0,0
10.1177/0020720920940600,2021-12-15,10.1177/00207209211064046,SAGE Publications,,0,0
10.1177/0020720920940594,2021-12-15,10.1177/00207209211064046,SAGE Publications,,0,0
10.1177/0020720920953133,2021-12-15,10.1177/00207209211064046,SAGE Publications,,0,0
10.1177/0020720920983550,2021-12-15,10.1177/00207209211064046,SAGE Publications,,0,0
10.1177/0020720920983515,2021-12-15,10.1177/00207209211064046,SAGE Publications,,0,0
10.1177/0020720920983518,2021-12-15,10.1177/00207209211064046,SAGE Publications,,0,0
10.1177/0020720920983508,2021-12-15,10.1177/00207209211064046,SAGE Publications,,0,0
10.1177/0020720920983695,2021-12-15,10.1177/00207209211064046,SAGE Publications,,0,0
10.1177/0020720920986081,2021-12-15,10.1177/00207209211064046,SAGE Publications,,0,0
10.1177/0020720920983547,2021-12-15,10.1177/00207209211064046,SAGE Publications,,0,0
10.1177/0020720920986076,2021-12-15,10.1177/00207209211064046,SAGE Publications,,0,0
10.1177/0020720920984001,2021-12-15,10.1177/00207209211064046,SAGE Publications,,0,0
10.1177/0020720920983511,2021-12-15,10.1177/00207209211064046,SAGE Publications,,0,0
10.1177/0020720920984002,2021-12-15,10.1177/00207209211064046,SAGE Publications,,0,0
10.1177/0020720920984686,2021-12-15,10.1177/00207209211064046,SAGE Publications,,0,0
10.1177/0020720920986077,2021-12-15,10.1177/00207209211064046,SAGE Publications,,0,0
10.1177/0020720920983556,2021-12-15,10.1177/00207209211064046,SAGE Publications,,0,0
10.1177/0020720920983528,2021-12-15,10.1177/00207209211064046,SAGE Publications,,0,0
10.1177/0020720920984688,2021-12-15,10.1177/00207209211064046,SAGE Publications,,0,0
10.1177/0020720920984030,2021-12-15,10.1177/00207209211064046,SAGE Publications,,0,0
10.1177/0020720920984670,2021-12-15,10.1177/00207209211064046,SAGE Publications,,0,0
10.1177/0020720920984314,2021-12-15,10.1177/00207209211064046,SAGE Publications,,0,0
10.1177/0020720920986072,2021-12-15,10.1177/00207209211064046,SAGE Publications,,0,0
10.1177/0020720921996590,2021-12-15,10.1177/00207209211064046,SAGE Publications,,0,0
10.1177/0020720920983704,2021-12-15,10.1177/00207209211064046,SAGE Publications,,0,0
10.1177/0020720921996594,2021-12-15,10.1177/00207209211064046,SAGE Publications,,0,0
10.1177/0020720920988489,2021-12-15,10.1177/00207209211064046,SAGE Publications,,0,0
10.1177/0020720920983536,2021-12-15,10.1177/00207209211064046,SAGE Publications,,0,0
10.1177/0020720921996593,2021-12-15,10.1177/00207209211064046,SAGE Publications,,0,0
10.1177/0020720921989015,2021-12-15,10.1177/00207209211064046,SAGE Publications,,0,0
10.1177/0020720921996596,2021-12-15,10.1177/00207209211064046,SAGE Publications,,0,0
10.1177/0020720921998237,2021-12-15,10.1177/00207209211064046,SAGE Publications,,0,0
10.1177/0020720921998232,2021-12-15,10.1177/00207209211064046,SAGE Publications,,0,0
10.1177/00207209211002075,2021-12-15,10.1177/00207209211064046,SAGE Publications,,0,0
10.1177/0020720921998226,2021-12-15,10.1177/00207209211064046,SAGE Publications,,0,0
10.1177/00207209211003267,2021-12-15,10.1177/00207209211064046,SAGE Publications,,0,0
10.1177/00207209211005272,2021-12-15,10.1177/00207209211064046,SAGE Publications,,0,0
10.1177/00207209211002092,2021-12-15,10.1177/00207209211064046,SAGE Publications,,0,0
10.1177/00207209211002069,2021-12-15,10.1177/00207209211064046,SAGE Publications,,0,0
10.1177/00207209211002087,2021-12-15,10.1177/00207209211064046,SAGE Publications,,0,0
10.1177/00207209211002093,2021-12-15,10.1177/00207209211064046,SAGE Publications,,0,0
10.1177/00207209211005259,2021-12-15,10.1177/00207209211064046,SAGE Publications,,0,0
10.1177/0020720920986085,2021-12-15,10.1177/00207209211064046,SAGE Publications,,0,0
10.1177/00207209211005263,2021-12-15,10.1177/00207209211064046,SAGE Publications,,0,0
10.1177/00207209211002078,2021-12-15,10.1177/00207209211064046,SAGE Publications,,0,0
10.1177/00207209211005270,2021-12-15,10.1177/00207209211064046,SAGE Publications,,0,0
10.1177/00207209211002088,2021-12-15,10.1177/00207209211064046,SAGE Publications,,0,0
10.1177/00207209211004200,2021-12-15,10.1177/00207209211064046,SAGE Publications,,0,0
10.1177/0020720920988498,2021-12-15,10.1177/00207209211064046,SAGE Publications,,0,0
10.1177/00207209211005262,2021-12-15,10.1177/00207209211064046,SAGE Publications,,0,0
10.1177/00207209211003266,2021-12-15,10.1177/00207209211064046,SAGE Publications,,0,0
10.1177/00207209211005278,2021-12-15,10.1177/00207209211064046,SAGE Publications,,0,0
10.1177/00207209211013470,2021-12-15,10.1177/00207209211064046,SAGE Publications,,0,0
10.1177/00207209211005252,2021-12-15,10.1177/00207209211064046,SAGE Publications,,0,0
10.1177/0020720917750960,2021-12-15,10.1177/00207209211064046,SAGE Publications,,0,0
10.1177/0020720918754830,2021-12-15,10.1177/00207209211064046,SAGE Publications,,0,0
10.1177/0020720918799524,2021-12-15,10.1177/00207209211064046,SAGE Publications,,0,0
10.1177/0020720918808801,2021-12-15,10.1177/00207209211064046,SAGE Publications,,0,0
10.1177/0020720918813807,2021-12-15,10.1177/00207209211064046,SAGE Publications,,0,0
10.1177/0020720918813824,2021-12-15,10.1177/00207209211064046,SAGE Publications,,0,0
10.1177/0020720918813837,2021-12-15,10.1177/00207209211064046,SAGE Publications,,0,0
10.1177/0020720918816009,2021-12-15,10.1177/00207209211064046,SAGE Publications,,0,0
10.1177/0020720918816007,2021-12-15,10.1177/00207209211064046,SAGE Publications,,0,0
10.1177/0020720918822730,2021-12-15,10.1177/00207209211064046,SAGE Publications,,0,0
10.1177/0020720918822754,2021-12-15,10.1177/00207209211064046,SAGE Publications,,0,0
10.1177/0020720918819232,2021-12-15,10.1177/00207209211064046,SAGE Publications,,0,0
10.1177/0020720919825809,2021-12-15,10.1177/00207209211064046,SAGE Publications,,0,0
10.1177/0020720919829714,2021-12-15,10.1177/00207209211064046,SAGE Publications,,0,0
10.1177/0020720919828982,2021-12-15,10.1177/00207209211064046,SAGE Publications,,0,0
10.1177/0020720919833581,2021-12-15,10.1177/00207209211064046,SAGE Publications,,0,0
10.1177/0020720920929661,2021-12-15,10.1177/00207209211064046,SAGE Publications,,0,0
10.1177/0020720920983535,2021-12-15,10.1177/00207209211064046,SAGE Publications,,0,0
10.1371/journal.ppat.1006124,2021-12-15,10.1371/journal.ppat.1010047,PLoS,,0,0
10.1126/science.aag2792,2021-12-16,10.1126/science.abn5849,American Association for the Advancement of Science (AAAS),336,1,0
10.1089/acu.2021.0007,2021-12-16,10.1089/acu.2021.0007.expcon,Mary Ann Liebert,,0,0
10.1016/j.toxrep.2021.03.003,2021-12-17,10.1016/j.toxrep.2021.12.007,Elsevier,136,1,0
10.1016/j.toxrep.2020.12.013,2021-12-17,10.1016/j.toxrep.2021.12.007,Elsevier,,0,0
10.1016/j.toxrep.2021.07.020,2021-12-17,10.1016/j.toxrep.2021.12.007,Elsevier,,0,0
10.1016/j.toxrep.2021.03.005,2021-12-17,10.1016/j.toxrep.2021.12.007,Elsevier,,0,0
10.1016/j.toxrep.2021.04.003,2021-12-17,10.1016/j.toxrep.2021.12.007,Elsevier,,0,0
10.1016/j.toxrep.2021.08.007,2021-12-17,10.1016/j.toxrep.2021.12.007,Elsevier,,0,0
10.1016/j.toxrep.2021.08.010,2021-12-17,10.1016/j.toxrep.2021.12.007,Elsevier,140,1,0
10.1523/jneurosci.0354-12.2012,2021-12-17,10.1523/jneurosci.2306-21.2021,Society for Neuroscience,,0,0
10.1523/jneurosci.6088-08.2009,2021-12-17,10.1523/jneurosci.2307-21.2021,Society for Neuroscience,,0,0
10.1016/j.neuroscience.2005.06.003,2021-12-20,10.1016/j.neuroscience.2021.11.019,Elsevier,,0,0
10.3390/v13102056,2021-12-22,10.3390/v14010012,MDPI,139,1,0
10.1186/s13098-021-00733-5,2021-12-23,10.1186/s13098-021-00733-5,Springer - Biomed Central (BMC),480,1,0
10.1038/srep21891,2021-12-24,10.1038/srep21891,Springer - Nature Publishing Group,740,1,0
10.1007/s00784-013-1120-2,2022-01-04,10.1007/s00784-013-1120-2,Springer,867,1,0
10.1007/s00784-014-1241-2,2022-01-04,10.1007/s00784-014-1241-2,Springer,752,1,0
10.1007/s12243-019-00740-8,2022-01-05,10.1007/s12243-021-00905-4,Springer,,0,0
10.1039/c4ra08495k,2022-01-07,10.1039/d2ra90069f,Royal Society of Chemistry (RSC),,0,0
10.1038/s41598-021-93326-1,2022-01-07,10.1038/s41598-021-93326-1,Springer - Nature Publishing Group,326,1,0
10.1371/journal.pntd.0006934,2022-01-11,10.1371/journal.pntd.0010117,PLoS,,0,0
10.1371/journal.pone.0245080,2022-01-13,10.1371/journal.pone.0262839,PLoS,,0,0
10.1017/s0007114519003416,2022-01-14,10.1017/s0007114521004037,Cambridge University Press,,0,0
10.1038/s41598-019-51734-4,2022-01-14,10.1038/s41598-022-05081-6,Springer - Nature Publishing Group,,0,0
10.1038/s41598-019-53715-z,2022-01-14,10.1038/s41598-022-05082-5,Springer - Nature Publishing Group,,0,0
10.1111/cts.12798,2022-01-17,10.1111/cts.13217,American Society for Clinical Pharmacology and Therapeutics,,0,0
10.3389/fmed.2021.668698,2022-01-17,10.3389/fmed.2021.831449,Frontiers,142,1,0
10.1016/s1474-4422(19)30140-1,2022-01-18,10.1016/s1474-4422(22)00030-8,Elsevier,,0,0
10.12659/msm.919698,2022-01-18,10.12659/msm.936124,"International Scientific Information, Inc",,0,0
10.1128/aac.02722-15,2022-01-18,10.1128/aac.02221-21,American Society for Microbiology,377,1,0
10.1128/aac.02532-15,2022-01-18,10.1128/aac.02220-21,American Society for Microbiology,377,1,0
10.1159/000505131,2022-01-21,10.1159/000521641,Karger,,0,0
10.1016/s1873-9946(10)00006-1,2022-01-24,10.1093/ecco-jcc/jjab227,Oxford University Press,,0,0
10.1093/ecco-jcc/jjab227,2022-01-24,10.1016/s1873-9946(10)00006-1,Oxford University Press,,0,0
10.1093/ecco-jcc/jjab112,2022-01-24,10.1093/ecco-jcc/jjab227,Oxford University Press,,0,0
10.1093/ecco-jcc/jjab101,2022-01-24,10.1093/ecco-jcc/jjab227,Oxford University Press,,0,0
10.1093/ecco-jcc/jjab052,2022-01-24,10.1093/ecco-jcc/jjab227,Oxford University Press,,0,0
10.1093/ecco-jcc/jjab044,2022-01-24,10.1093/ecco-jcc/jjab227,Oxford University Press,,0,0
10.1093/ecco-jcc/jjaa257,2022-01-24,10.1093/ecco-jcc/jjab227,Oxford University Press,,0,0
10.1093/ecco-jcc/jjz203.775,2022-01-24,10.1093/ecco-jcc/jjab227,Oxford University Press,,0,0
10.1093/ecco-jcc/jjz203.157,2022-01-24,10.1093/ecco-jcc/jjab227,Oxford University Press,,0,0
10.1093/ecco-jcc/jjz160,2022-01-24,10.1093/ecco-jcc/jjab227,Oxford University Press,,0,0
10.1093/ecco-jcc/jjz051,2022-01-24,10.1093/ecco-jcc/jjab227,Oxford University Press,,0,0
10.1093/ecco-jcc/jjy222.167,2022-01-24,10.1093/ecco-jcc/jjab227,Oxford University Press,,0,0
10.1093/ecco-jcc/jjy045,2022-01-24,10.1093/ecco-jcc/jjab227,Oxford University Press,,0,0
10.1093/ecco-jcc/jjx180.153,2022-01-24,10.1093/ecco-jcc/jjab227,Oxford University Press,,0,0
10.1093/ecco-jcc/jjx180.1011,2022-01-24,10.1093/ecco-jcc/jjab227,Oxford University Press,,0,0
10.1093/ecco-jcc/jjx007,2022-01-24,10.1093/ecco-jcc/jjab227,Oxford University Press,,0,0
10.1093/ecco-jcc/jjx008,2022-01-24,10.1093/ecco-jcc/jjab227,Oxford University Press,,0,0
10.1093/ecco-jcc/jjx009,2022-01-24,10.1093/ecco-jcc/jjab227,Oxford University Press,,0,0
10.1093/ecco-jcc/jjx002.746,2022-01-24,10.1093/ecco-jcc/jjab227,Oxford University Press,,0,0
10.1093/ecco-jcc/jjx002.602,2022-01-24,10.1093/ecco-jcc/jjab227,Oxford University Press,,0,0
10.1016/j.crohns.2014.08.006,2022-01-24,10.1093/ecco-jcc/jjab227,Oxford University Press,,0,0
10.1093/ecco-jcc/jjw157,2022-01-24,10.1093/ecco-jcc/jjab227,Oxford University Press,,0,0
10.1093/ecco-jcc/jjw106,2022-01-24,10.1093/ecco-jcc/jjab227,Oxford University Press,,0,0
10.1093/ecco-jcc/jjw169,2022-01-24,10.1093/ecco-jcc/jjab227,Oxford University Press,,0,0
10.1093/ecco-jcc/jjw197,2022-01-24,10.1093/ecco-jcc/jjab227,Oxford University Press,,0,0
10.1016/s1873-9946(09)60134-3,2022-01-24,10.1093/ecco-jcc/jjab227,Oxford University Press,,0,0
10.1016/j.crohns.2010.05.010,2022-01-24,10.1093/ecco-jcc/jjab227,Oxford University Press,,0,0
10.1016/j.crohns.2014.01.010,2022-01-24,10.1093/ecco-jcc/jjab227,Oxford University Press,,0,0
10.1016/j.crohns.2012.09.002,2022-01-24,10.1093/ecco-jcc/jjab227,Oxford University Press,,0,0
10.1016/j.crohns.2014.08.012,2022-01-24,10.1093/ecco-jcc/jjab227,Oxford University Press,,0,0
10.1016/j.crohns.2011.11.009,2022-01-24,10.1093/ecco-jcc/jjab227,Oxford University Press,,0,0
10.1016/j.crohns.2010.11.004,2022-01-24,10.1093/ecco-jcc/jjab227,Oxford University Press,,0,0
10.1016/j.crohns.2012.07.009,2022-01-24,10.1016/j.crohns.2012.07.009,Oxford University Press,,0,0
10.1016/j.jacr.2013.10.027,2022-01-24,10.1016/j.jacr.2022.01.003,Elsevier,,0,0
10.1016/j.crohns.2007.12.001,2022-01-24,10.1093/ecco-jcc/jjab227,Oxford University Press,,0,0
10.1016/j.crohns.2011.09.013,2022-01-24,10.1093/ecco-jcc/jjab227,Oxford University Press,,0,0
10.1016/j.crohns.2012.09.005,2022-01-24,10.1093/ecco-jcc/jjab227,Oxford University Press,,0,0
10.1016/j.crohns.2012.07.010,2022-01-24,10.1093/ecco-jcc/jjab227,Oxford University Press,,0,0
10.1016/j.crohns.2013.05.003,2022-01-24,10.1093/ecco-jcc/jjab227,Oxford University Press,,0,0
10.1016/j.crohns.2011.04.016,2022-01-24,10.1093/ecco-jcc/jjab227,Elsevier,,0,0
10.1016/j.crohns.2007.06.003,2022-01-24,10.1093/ecco-jcc/jjab227,Oxford University Press,,0,0
10.1093/nar/gkh876,2022-01-25,10.1093/nar/gkab1294,Oxford University Press,160,1,0
10.1371/journal.pone.0011700,2022-01-27,10.1371/journal.pone.0263429,PLoS,,0,0
10.2147/cmar.s257598,2022-01-28,10.2147/cmar.s359215,Taylor and Francis - Dove Press,595,1,0
10.1186/1471-2407-14-243,2022-01-28,10.1186/1471-2407-14-243,Springer - Biomed Central (BMC),56,1,0
10.1371/journal.pone.0019194,2022-01-31,10.1371/journal.pone.0263555,PLoS,1017,1,0
10.1039/c8ra09573f,2022-01-31,10.1039/d2ra90006h,Royal Society of Chemistry (RSC),,0,0
10.1080/15421400903053883,2022-01-31,10.1080/15421406.2021.2004804,Taylor and Francis,,0,0
10.1080/15421406.2014.956396,2022-01-31,10.1080/15421406.2021.2004804,Taylor and Francis,345,1,0
10.1080/15421406.2013.840025,2022-01-31,10.1080/15421406.2021.2004804,Taylor and Francis,,0,0
10.1080/15421406.2014.895501,2022-01-31,10.1080/15421406.2021.2004804,Taylor and Francis,,0,0
10.1080/15421406.2013.867220,2022-01-31,10.1080/15421406.2021.2004804,Taylor and Francis,344,1,0
10.1080/15421406.2013.821381,2022-01-31,10.1080/15421406.2021.2004804,Taylor and Francis,344,1,0
10.1080/15421406.2014.953762,2022-01-31,10.1080/15421406.2021.2004804,Taylor and Francis,344,1,0
10.1080/15421406.2011.621816,2022-01-31,10.1080/15421406.2021.2004804,Taylor and Francis,344,1,0
10.1080/15421406.2011.590368,2022-01-31,10.1080/15421406.2021.2004804,Taylor and Francis,,0,0
10.1080/15421406.2011.590358,2022-01-31,10.1080/15421406.2021.2004804,Taylor and Francis,344,1,0
10.1080/15421406.2013.766932,2022-01-31,10.1080/15421406.2021.2004804,Taylor and Francis,,0,0
10.1080/15421406.2012.752301,2022-01-31,10.1080/15421406.2021.2004804,Taylor and Francis,344,1,0
10.1080/15421406.2015.1010861,2022-01-31,10.1080/15421406.2021.2004804,Taylor and Francis,344,1,0
10.1080/15421406.2013.867222,2022-01-31,10.1080/15421406.2021.2004804,Taylor and Francis,,0,0
10.1080/15421406.2014.990757,2022-01-31,10.1080/15421406.2014.990757,Taylor and Francis,344,1,0
10.1080/15421406.2014.963247,2022-01-31,10.1080/15421406.2021.2004804,Taylor and Francis,,0,0
10.1080/15421406.2015.1036495,2022-01-31,10.1080/15421406.2021.2004804,Taylor and Francis,,0,0
10.1080/15421406.2014.963296,2022-01-31,10.1080/15421406.2021.2004804,Taylor and Francis,,0,0
10.1080/15421406.2013.840024,2022-01-31,10.1080/15421406.2021.2004804,Taylor and Francis,,0,0
10.1080/15421406.2012.752289,2022-01-31,10.1080/15421406.2021.2004804,Taylor and Francis,,0,0
10.1080/15421406.2014.927553,2022-01-31,10.1080/15421406.2021.2004804,Taylor and Francis,343,1,0
10.1080/15421406.2013.875714,2022-01-31,10.1080/15421406.2021.2004804,Taylor and Francis,,0,0
10.1158/1541-7786.mcr-19-0889,2022-02-03,10.1158/1541-7786.mcr-21-1047,American Association for Cancer Research,120,1,0
10.1039/c9ra09497k,2022-02-03,10.1039/d2ra90005j,Royal Society of Chemistry (RSC),,0,0
10.1080/21691401.2019.1657879,2022-02-03,10.1080/21691401.2021.2003046,Taylor and Francis,,0,0
10.1080/21691401.2019.1671434,2022-02-03,10.1080/21691401.2021.2003045,Taylor and Francis,,0,0
10.1080/21691401.2019.1669620,2022-02-03,10.1080/21691401.2021.2003040,Taylor and Francis,,0,0
10.1080/21691401.2019.1648281,2022-02-03,10.1080/21691401.2021.2003034,Taylor and Francis,,0,0
10.1080/21691401.2019.1629951,2022-02-03,10.1080/21691401.2021.2003031,Taylor and Francis,,0,0
10.1080/21691401.2019.1640231,2022-02-03,10.1080/21691401.2021.2003029,Taylor and Francis,,0,0
10.1080/21691401.2019.1671432,2022-02-03,10.1080/21691401.2021.2003025,Taylor and Francis,,0,0
10.1073/pnas.1809671115,2022-02-04,10.1073/pnas.2200126119,National Academy of Sciences (NAS),,0,0
10.1097/mjt.0000000000001377,2022-02-07,10.1097/mjt.0000000000001481,Wolters Kluwer - Lippincott Williams & Wilkins,,0,0
10.1097/mjt.0000000000001402,2022-02-07,10.1097/cnd.0000000000000400,Wolters Kluwer - Lippincott Williams & Wilkins,,0,0
10.1371/journal.pone.0060555,2022-02-08,10.1371/journal.pone.0263951,PLoS,,0,0
10.1039/c8ra06697c,2022-02-09,10.1039/d2ra90009b,Royal Society of Chemistry (RSC),,0,0
10.1039/c9ra01321k,2022-02-09,10.1039/d2ra90007f,Royal Society of Chemistry (RSC),,0,0
10.1039/c7ra03971a,2022-02-09,10.1039/d2ra90008d,Royal Society of Chemistry (RSC),,0,0
10.1159/000284389,2022-02-10,10.1159/000522416,Karger,,0,0
10.1186/s13578-016-0072-z,2022-02-15,10.1186/s13578-016-0072-z,Springer - Biomed Central (BMC),188,1,0
10.1158/0008-5472.can-13-2994,2022-02-15,10.1158/0008-5472.can-21-4292,American Association for Cancer Research,,0,0
10.1016/j.jhep.2020.05.017,2022-02-15,10.1016/j.jhep.2021.12.007,Elsevier,,0,0
10.1039/c9ra00521h,2022-02-16,10.1039/d2ra90017c,Royal Society of Chemistry (RSC),,0,0
10.2466/pms.1990.71.1.199,2022-02-16,10.1177/0031512520901994,SAGE Publications,,0,0
10.1039/c5ra20543c,2022-02-17,10.1039/d2ra90016e,Royal Society of Chemistry (RSC),,0,0
10.1126/science.1255057,2022-02-17,10.1126/science.abo1771,American Association for the Advancement of Science (AAAS),173,1,0
10.1186/1741-7015-11-222,2022-02-18,10.1186/1741-7015-11-222,Springer - Biomed Central (BMC),867,1,0
10.1111/j.1365-2125.1994.tb04287.x,2022-02-23,10.1111/bcp.15273,British Pharmacological Society,,0,0
10.1111/j.1365-2125.1993.tb00369.x,2022-02-23,10.1111/bcp.15272,Wiley,,0,0
10.1111/j.1365-2125.1995.tb05790.x,2022-02-23,10.1111/bcp.15274,Wiley,,0,0
10.1016/j.bbrc.2018.04.109,2022-02-24,10.1016/j.bbrc.2021.11.054,Elsevier,,0,0
10.1016/j.bbrc.2016.03.164,2022-02-24,10.1016/j.bbrc.2021.11.053,Elsevier,,0,0
10.1159/000489361,2022-02-26,10.33594/000000503,Cellular Physiol Biochem Press,,0,0
10.1159/000492089,2022-02-26,10.33594/000000502,Karger,124,1,0
10.1016/j.neurobiolaging.2017.03.016,2022-03-01,10.1016/j.neurobiolaging.2022.03.012,Elsevier,,0,0
10.1158/0008-5472.can-12-3963,2022-03-03,10.1158/0008-5472.can-21-4312,American Association for Cancer Research,916,1,0
10.2147/tcrm.s43811,2022-03-04,10.2147/tcrm.s364550,Taylor and Francis - Dove Press,159,1,0
10.1016/j.yexcr.2019.04.023,2022-03-07,10.1016/j.yexcr.2022.113096,Elsevier,,0,0
10.1139/cjfr-2013-0108,2022-03-10,10.1139/cjfr-2022-0057,Canadian Science Publishing,369,1,0
10.1128/jmbe.v22i1.2579,2022-03-14,10.1128/jmbe.00021-22,American Society for Microbiology,,0,0
10.1371/journal.pone.0092753,2022-03-16,10.1371/journal.pone.0265521,PLoS,,0,0
10.1080/15384101.2020.1732514,2022-03-17,10.1080/15384101.2022.2046824,Taylor and Francis,,0,0
10.1093/bib/bbab529,2022-03-21,10.1093/bib/bbac130,Oxford University Press,,0,0
10.1093/nar/gkab1066,2022-03-23,10.1093/nar/gkac205,Oxford University Press,505,1,0
10.1017/s1047951121001438,2022-03-23,10.1017/s1047951122000804,Cambridge University Press,,0,0
10.1308/rcsann.2020.0038,2022-03-23,10.1308/rcsann.2020.0038,Royal College of Surgeons of England,,0,0
10.1016/j.ymthe.2021.11.003,2022-03-24,10.1016/j.ymthe.2022.03.013,Elsevier - Cell Press,95,1,0
10.1371/journal.pone.0001592,2022-03-25,10.1371/journal.pone.0266300,PLoS,,0,0
10.7717/peerj-cs.755,2022-03-28,10.7717/peerj-cs.755,PeerJ,88,1,0
10.1371/journal.pone.0013117,2022-03-31,10.1371/journal.pone.0266497,PLoS,950,1,0
10.1371/journal.pone.0072791,2022-03-31,10.1371/journal.pone.0266498,PLoS,858,1,0
10.1007/s10854-021-05946-y,2022-03-31,10.1007/s10854-022-08153-5,Springer,,0,0
10.1093/jnci/djac015,2022-04-01,10.1093/jnci/djac065,Oxford University Press,,0,0
10.1007/s00280-009-1074-x,2022-04-05,10.1007/s00280-022-04426-2,Springer,587,1,0
10.1111/sjop.12253,2022-04-06,10.1111/sjop.12809,Wiley,,0,0
10.7759/cureus.21488,2022-04-07,10.7759/cureus.x55,Cureus (Part of Springer Nature as of December 2022),658,1,0
10.7759/cureus.21436,2022-04-07,10.7759/cureus.x54,Cureus (Part of Springer Nature as of December 2022),658,1,0
10.7759/cureus.21407,2022-04-07,10.7759/cureus.x52,Cureus (Part of Springer Nature as of December 2022),658,1,0
10.7759/cureus.21400,2022-04-07,10.7759/cureus.x56,Cureus (Part of Springer Nature as of December 2022),658,1,0
10.7759/cureus.21373,2022-04-07,10.7759/cureus.x53,Cureus (Part of Springer Nature as of December 2022),658,1,0
10.7759/cureus.21315,2022-04-07,10.7759/cureus.x51,Cureus (Part of Springer Nature as of December 2022),658,1,0
10.7759/cureus.21314,2022-04-07,10.7759/cureus.x50,Cureus (Part of Springer Nature as of December 2022),658,1,0
10.7759/cureus.21136,2022-04-07,10.7759/cureus.x43,Cureus (Part of Springer Nature as of December 2022),658,1,0
10.7759/cureus.21132,2022-04-07,10.7759/cureus.x45,Cureus (Part of Springer Nature as of December 2022),658,1,0
10.7759/cureus.21131,2022-04-07,10.7759/cureus.x44,Cureus (Part of Springer Nature as of December 2022),658,1,0
10.7759/cureus.21121,2022-04-07,10.7759/cureus.x48,Cureus (Part of Springer Nature as of December 2022),658,1,0
10.7759/cureus.21113,2022-04-07,10.7759/cureus.x47,Cureus (Part of Springer Nature as of December 2022),658,1,0
10.7759/cureus.21102,2022-04-07,10.7759/cureus.x46,Cureus (Part of Springer Nature as of December 2022),658,1,0
10.7759/cureus.21056,2022-04-07,10.7759/cureus.x49,Cureus (Part of Springer Nature as of December 2022),658,1,0
10.7759/cureus.20993,2022-04-07,10.7759/cureus.x41,Cureus (Part of Springer Nature as of December 2022),658,1,0
10.7759/cureus.20684,2022-04-07,10.7759/cureus.x40,Cureus (Part of Springer Nature as of December 2022),658,1,0
10.7759/cureus.20659,2022-04-07,10.7759/cureus.x42,Cureus (Part of Springer Nature as of December 2022),658,1,0
10.7759/cureus.20502,2022-04-07,10.7759/cureus.x39,Cureus (Part of Springer Nature as of December 2022),658,1,0
10.7759/cureus.20444,2022-04-07,10.7759/cureus.x37,Cureus (Part of Springer Nature as of December 2022),658,1,0
10.7759/cureus.20423,2022-04-07,10.7759/cureus.x38,Cureus (Part of Springer Nature as of December 2022),658,1,0
10.7759/cureus.20378,2022-04-07,10.7759/cureus.x36,Cureus (Part of Springer Nature as of December 2022),658,1,0
10.7759/cureus.20341,2022-04-07,10.7759/cureus.x34,Cureus (Part of Springer Nature as of December 2022),658,1,0
10.7759/cureus.20338,2022-04-07,10.7759/cureus.x35,Cureus (Part of Springer Nature as of December 2022),658,1,0
10.7759/cureus.20315,2022-04-07,10.7759/cureus.x33,Cureus (Part of Springer Nature as of December 2022),658,1,0
10.7759/cureus.20201,2022-04-07,10.7759/cureus.x32,Cureus (Part of Springer Nature as of December 2022),658,1,0
10.7759/cureus.20188,2022-04-07,10.7759/cureus.x31,Cureus (Part of Springer Nature as of December 2022),658,1,0
10.7759/cureus.20136,2022-04-07,10.7759/cureus.x30,Cureus (Part of Springer Nature as of December 2022),658,1,0
10.7759/cureus.20122,2022-04-07,10.7759/cureus.x28,Cureus (Part of Springer Nature as of December 2022),658,1,0
10.7759/cureus.20118,2022-04-07,10.7759/cureus.x29,Cureus (Part of Springer Nature as of December 2022),658,1,0
10.7759/cureus.20011,2022-04-07,10.7759/cureus.x27,Cureus (Part of Springer Nature as of December 2022),658,1,0
10.7759/cureus.19965,2022-04-07,10.7759/cureus.x26,Cureus (Part of Springer Nature as of December 2022),658,1,0
10.7759/cureus.19954,2022-04-07,10.7759/cureus.x25,Cureus (Part of Springer Nature as of December 2022),658,1,0
10.7759/cureus.19908,2022-04-07,10.7759/cureus.x24,Cureus (Part of Springer Nature as of December 2022),658,1,0
10.7759/cureus.19878,2022-04-07,10.7759/cureus.x23,Cureus (Part of Springer Nature as of December 2022),658,1,0
10.7759/cureus.19763,2022-04-07,10.7759/cureus.x22,Cureus (Part of Springer Nature as of December 2022),658,1,0
10.7759/cureus.19752,2022-04-07,10.7759/cureus.x21,Cureus (Part of Springer Nature as of December 2022),658,1,0
10.7759/cureus.19681,2022-04-07,10.7759/cureus.x20,Cureus (Part of Springer Nature as of December 2022),658,1,0
10.7759/cureus.19623,2022-04-07,10.7759/cureus.x19,Cureus (Part of Springer Nature as of December 2022),658,1,0
10.7759/cureus.19551,2022-04-07,10.7759/cureus.x18,Cureus (Part of Springer Nature as of December 2022),658,1,0
10.7759/cureus.19423,2022-04-07,10.7759/cureus.x17,Cureus (Part of Springer Nature as of December 2022),658,1,0
10.7759/cureus.19418,2022-04-07,10.7759/cureus.x16,Cureus (Part of Springer Nature as of December 2022),658,1,0
10.7759/cureus.19391,2022-04-07,10.7759/cureus.x15,Cureus (Part of Springer Nature as of December 2022),658,1,0
10.7759/cureus.19306,2022-04-07,10.7759/cureus.x14,Cureus (Part of Springer Nature as of December 2022),658,1,0
10.7759/cureus.19249,2022-04-07,10.7759/cureus.x13,Cureus (Part of Springer Nature as of December 2022),461,1,0
10.7759/cureus.19067,2022-04-07,10.7759/cureus.x12,Cureus (Part of Springer Nature as of December 2022),658,1,0
10.7759/cureus.18956,2022-04-07,10.7759/cureus.x11,Cureus (Part of Springer Nature as of December 2022),658,1,0
10.7759/cureus.18887,2022-04-07,10.7759/cureus.x9,Cureus (Part of Springer Nature as of December 2022),445,1,0
10.7759/cureus.18835,2022-04-07,10.7759/cureus.x10,Cureus (Part of Springer Nature as of December 2022),658,1,0
10.7759/cureus.18720,2022-04-07,10.7759/cureus.x8,Cureus (Part of Springer Nature as of December 2022),658,1,0
10.7759/cureus.18587,2022-04-07,10.7759/cureus.x7,Cureus (Part of Springer Nature as of December 2022),658,1,0
10.7759/cureus.18560,2022-04-07,10.7759/cureus.x6,Cureus (Part of Springer Nature as of December 2022),658,1,0
10.7759/cureus.18426,2022-04-07,10.7759/cureus.x4,Cureus (Part of Springer Nature as of December 2022),658,1,0
10.7759/cureus.18424,2022-04-07,10.7759/cureus.x5,Cureus (Part of Springer Nature as of December 2022),658,1,0
10.7759/cureus.18193,2022-04-07,10.7759/cureus.x3,Cureus (Part of Springer Nature as of December 2022),658,1,0
10.7759/cureus.18074,2022-04-07,10.7759/cureus.x1,Cureus (Part of Springer Nature as of December 2022),658,1,0
10.7759/cureus.18053,2022-04-07,10.7759/cureus.x2,Cureus (Part of Springer Nature as of December 2022),658,1,0
10.1371/journal.pone.0046888,2022-04-07,10.1371/journal.pone.0266930,PLoS,,0,0
10.1016/j.cortex.2017.03.017,2022-04-11,10.1016/j.cortex.2022.04.001,Elsevier,,0,0
10.1371/journal.ppat.1005801,2022-04-11,10.1371/journal.ppat.1010480,PLoS,,0,0
10.1371/journal.pone.0063456,2022-04-14,10.1371/journal.pone.0267237,PLoS,,0,0
10.1016/j.animal.2021.100339,2022-04-18,10.1016/j.animal.2022.100515,Elsevier,,0,0
10.1111/vco.12168,2022-04-19,10.1111/vco.12819,Wiley,,0,0
10.1016/j.jid.2016.12.027,2022-04-20,10.1016/j.jid.2022.04.002,Elsevier,,0,0
10.1080/21691401.2018.1501380,2022-04-26,10.1080/21691401.2022.2054523,Taylor and Francis,,0,0
10.1155/2020/4182092,2022-04-27,10.1155/2022/9867912,Hindawi,,0,0
10.1371/journal.pone.0168792,2022-04-28,10.1371/journal.pone.0268056,PLoS,,0,0
10.1038/s41598-017-12369-5,2022-04-29,10.1038/s41598-022-10847-z,Springer - Nature Publishing Group,,0,0
10.1371/journal.pbio.0050203,2022-04-29,10.1371/journal.pbio.3001631,PLoS,,0,0
10.1371/journal.pone.0148527,2022-05-02,10.1371/journal.pone.0268102,PLoS,,0,0
10.1089/cbr.2015.1952,2022-05-09,10.1089/cbr.2015.1952.expcon,Mary Ann Liebert,,0,0
10.1177/01461079211016231,2022-05-09,10.1177/01461079211098932,SAGE Publications,,0,0
10.1007/s11739-021-02829-2,2022-05-10,10.1007/s11739-022-02998-8,Springer,,0,0
10.1371/journal.pone.0164816,2022-05-10,10.1371/journal.pone.0268424,PLoS,,0,0
10.1007/s00404-012-2597-7,2022-05-12,10.1007/s00404-012-2597-7,Springer,109,1,0
10.1108/hff-09-2020-0610,2022-05-13,10.1108/hff-09-2020-0610,Emerald,,0,0
10.1007/s00705-017-3573-0,2022-05-20,10.1007/s00705-017-3573-0,Springer,123,1,0
10.1016/j.mrgentox.2014.12.007,2022-05-21,10.1016/j.mrgentox.2022.503497,Elsevier,,0,0
10.1007/s00213-012-2961-0,2022-05-21,10.1007/s00213-022-06166-w,Springer,,0,0
10.1007/s00213-019-05261-9,2022-05-21,10.1007/s00213-022-06165-x,Springer,,0,0
10.1007/s00213-012-2706-0,2022-05-21,10.1007/s00213-022-06167-9,Springer,,0,0
10.1007/s00213-021-05870-3,2022-05-21,10.1007/s00213-022-06168-8,Springer,,0,0
10.3389/fgene.2022.851496,2022-05-25,10.3389/fgene.2022.946214,Frontiers,,0,0
10.1177/09544070211009084,2022-05-28,10.1177/09544070221106035,SAGE Publications,,0,0
10.1042/bsr20182025,2022-05-30,10.1042/bsr-2018-2025_eoc,Portland Press,730,1,0
10.1042/bsr20180598,2022-05-30,10.1042/bsr-2018-0598_eoc,Portland Press,,0,0
10.1007/s10265-011-0438-6,2022-05-31,10.1007/s10265-022-01395-8,Springer,,0,0
10.1016/j.biopha.2018.11.149,2022-06-01,10.1016/j.biopha.2022.113049,Elsevier,,0,0
10.1016/j.biopha.2018.03.043,2022-06-01,10.1016/j.biopha.2022.113044,Elsevier,,0,0
10.1016/j.biopha.2018.11.029,2022-06-01,10.1016/j.biopha.2022.113048,Elsevier,,0,0
10.1016/j.biopha.2018.11.012,2022-06-01,10.1016/j.biopha.2022.113047,Elsevier,,0,0
10.1016/j.biopha.2018.04.062,2022-06-01,10.1016/j.biopha.2022.113045,Elsevier,,0,0
10.1016/j.biopha.2018.07.094,2022-06-01,10.1016/j.biopha.2022.113046,Elsevier,,0,0
10.1016/j.biopha.2018.01.041,2022-06-01,10.1016/j.biopha.2022.113043,Elsevier,,0,0
10.1371/journal.pone.0113896,2022-06-06,10.1371/journal.pone.0269292,PLoS,,0,0
10.1042/bsr20194026,2022-06-14,10.1042/bsr-2019-4026_eoc,Portland Press,13,1,0
10.1016/j.jcis.2020.11.011,2022-06-15,10.1016/j.jcis.2022.02.112,Elsevier,,0,0
10.1186/1471-2407-13-468,2022-06-17,10.1186/s12885-022-09764-1,Springer - Biomed Central (BMC),,0,0
10.1093/nar/gku1368,2022-06-18,10.1093/nar/gkac553,Oxford University Press,165,1,0
10.1111/j.1574-695x.2002.tb00605.x,2022-06-22,10.1093/femspd/ftac017,Oxford University Press,183,1,0
10.1007/s00330-022-08808-1,2022-06-23,10.1007/s00330-022-08808-1,Springer,403,1,0
10.1371/journal.pone.0004932,2022-06-23,10.1371/journal.pone.0270655,PLoS,,0,0
10.1177/09544119211055870,2022-06-29,10.1177/09544119221105206,SAGE Publications,687,1,0
10.1186/s13578-017-0173-3,2022-06-30,10.1186/s13578-022-00837-z,Springer - Biomed Central (BMC),,0,0
10.1159/000489686,2022-06-30,10.33594/000000551,Cellular Physiol Biochem Press,62,1,0
10.33594/000000084,2022-06-30,10.33594/000000552,Cellular Physiol Biochem Press,62,1,0
10.1038/s41598-021-99616-y,2022-07-05,10.1038/s41598-022-15653-1,Springer - Nature Publishing Group,,0,0
10.1007/s11205-019-02178-w,2022-07-07,10.1007/s11205-022-02962-1,Springer,,0,0
10.1007/s00221-015-4391-9,2022-07-13,10.1007/s00221-022-06418-3,Springer - Nature Publishing Group,,0,0
10.1038/nature04533,2022-07-14,10.1038/nature04533,Springer - Nature Publishing Group,711,1,0
10.2147/ott.s218524,2022-07-14,10.2147/ott.s382374,Taylor and Francis - Dove Press,348,1,0
10.1038/s41598-021-00279-6,2022-07-14,10.1038/s41598-022-16513-8,Springer - Nature Publishing Group,,0,0
10.1002/ijc.30289,2022-07-15,10.1002/ijc.34205,Wiley,,0,0
10.1042/bsr20190283,2022-07-15,10.1042/bsr-2019-0283_eoc,Portland Press,84,1,0
10.1039/c7nj04637e,2022-07-15,10.1039/d2nj90097a,Royal Society of Chemistry (RSC),,0,0
10.2147/ott.s210732,2022-07-18,10.2147/ott.s382364,Taylor and Francis - Dove Press,344,1,0
10.2147/cia.s56116,2022-07-18,10.2147/cia.s382377,Taylor and Francis - Dove Press,,0,0
10.1371/journal.pone.0093205,2022-07-18,10.1371/journal.pone.0271868,PLoS,,0,0
10.1042/bj20091491,2022-07-19,10.1042/bj20091491_eoc,Portland Press,,0,0
10.1080/21691401.2019.1606010,2022-07-27,10.1080/21691401.2022.2103235,Taylor and Francis,,0,0
10.1080/21691401.2019.1628037,2022-07-27,10.1080/21691401.2022.2103237,Taylor and Francis,,0,0
10.1080/21691401.2018.1564320,2022-07-27,10.1080/21691401.2022.2103250,Taylor and Francis,,0,0
10.1080/21691401.2019.1642904,2022-07-27,10.1080/21691401.2022.2103239,Taylor and Francis,,0,0
10.1080/21691401.2020.1725536,2022-07-27,10.1080/21691401.2022.2103242,Taylor and Francis,,0,0
10.1080/21691401.2019.1620256,2022-07-27,10.1080/21691401.2022.2103236,Taylor and Francis,,0,0
10.1042/bsr20194030,2022-07-27,10.1042/bsr-2019-4030_eoc,Portland Press,49,1,0
10.1080/21691401.2019.1640232,2022-07-28,10.1080/21691401.2022.2103238,Taylor and Francis,,0,0
10.1089/cbr.2019.3499,2022-07-29,10.1089/cbr.2019.3499.expcon,Mary Ann Liebert,,0,0
10.1016/j.jvs.2008.06.041,2022-08-01,10.1016/j.jvs.2022.06.085,Elsevier,,0,0
10.1016/j.jvs.2010.05.116,2022-08-01,10.1016/j.jvs.2022.06.084,Elsevier,,0,0
10.1080/10641955.2018.1483508,2022-08-02,10.1080/10641955.2022.2107296,Taylor and Francis,441,1,0
10.1080/10641955.2020.1791902,2022-08-02,10.1080/10641955.2022.2107312,Taylor and Francis,441,1,0
10.4061/2010/748380,2022-08-02,10.1155/2022/9798519,Hindawi,,0,0
10.3727/096368915x688894,2022-08-03,10.1177/09636897221112706,SAGE Publications,,0,0
10.2147/cmar.s291778,2022-08-04,10.2147/cmar.s384685,Dovepress,363,1,0
10.2147/cmar.s242472,2022-08-04,10.2147/cmar.s384690,Taylor and Francis - Dove Press,343,1,0
10.2147/ott.s245537,2022-08-04,10.2147/ott.s384688,Taylor and Francis - Dove Press,342,1,0
10.2147/ott.s176618,2022-08-04,10.2147/ott.s384667,Taylor and Francis - Dove Press,323,1,0
10.2147/cmar.s293322,2022-08-04,10.2147/cmar.s384684,Taylor and Francis - Dove Press,42,1,0
10.1089/cbr.2019.3490,2022-08-04,10.1089/cbr.2019.3490.expcon,Mary Ann Liebert,,0,0
10.1177/0963689718759473,2022-08-08,10.1177/09636897221120609,SAGE Publications,,0,0
10.1080/14767058.2017.1344636,2022-08-09,10.1080/14767058.2022.2110368,Taylor and Francis,344,1,0
10.1177/14687941221096600,2022-08-10,10.1177/14687941221121628,SAGE Publications,12,1,0
10.1242/jcs.259196,2022-08-10,10.1242/jcs.260435,The Company of Biologists,,0,0
10.1016/j.ymthe.2016.11.015,2022-08-11,10.1016/j.ymthe.2022.07.017,American Society of Gene & Cell Therapy,,0,0
10.3109/14767058.2016.1152254,2022-08-15,10.1080/14767058.2022.2110365,Taylor and Francis,338,1,0
10.1371/journal.pgen.1008325,2022-08-16,10.1371/journal.pgen.1010332,PLoS,,0,0
10.1080/14767058.2016.1236244,2022-08-17,10.1080/14767058.2022.2110361,Taylor and Francis,337,1,0
10.3389/fcell.2020.630771,2022-08-17,10.3389/fcell.2022.1014334,Frontiers,,0,0
10.3389/fcell.2020.616139,2022-08-17,10.3389/fcell.2022.1014326,Frontiers,,0,0
10.3389/fcell.2021.630412,2022-08-17,10.3389/fcell.2022.1014332,Frontiers,,0,0
10.2106/jbjs.oa.20.00027,2022-08-18,10.2106/jbjs.oa.eoc.20.00027,Lippincott Williams and Wilkins,,0,0
10.1093/nar/gkt500,2022-08-18,10.1093/nar/gkac721,Oxford University Press,183,1,0
10.1159/000512882,2022-08-19,10.1159/000526462,Karger,,0,0
10.1039/d1qi00733e,2022-08-19,10.1039/d2qi90061k,Royal Society of Chemistry (RSC),,0,0
10.1093/jb/mvac003,2022-08-20,10.1093/jb/mvac062,Oxford University Press,,0,0
10.1128/mcb.01206-14,2022-08-22,10.1128/mcb.00322-22,American Society for Microbiology,,0,0
10.1128/mcb.02171-06,2022-08-22,10.1128/mcb.00323-22,American Society for Microbiology,,0,0
10.1128/mcb.00898-08,2022-08-22,10.1128/mcb.00324-22,American Society for Microbiology,,0,0
10.3389/fphys.2021.689531,2022-08-23,10.3389/fphys.2022.1014337,Frontiers,,0,0
10.3389/fcell.2020.00796,2022-08-23,10.3389/fcell.2022.1014318,Frontiers,,0,0
10.3389/fcell.2020.623450,2022-08-23,10.3389/fcell.2022.1014327,Frontiers,,0,0
10.3389/fcell.2020.00833,2022-08-23,10.3389/fcell.2022.1014325,Frontiers,,0,0
10.1161/01.cir.0000050627.90734.ed,2022-08-23,10.1161/cir.0000000000001098,American Heart Association,,0,0
10.1371/journal.pone.0091068,2022-08-23,10.1371/journal.pone.0273730,PLoS,,0,0
10.1371/journal.pone.0004394,2022-08-25,10.1371/journal.pone.0272901,PLoS,,0,0
10.1038/srep40088,2022-08-31,10.1038/srep40088,Springer - Nature Publishing Group,293,1,0
10.1038/s43247-021-00265-w,2022-09-01,10.1038/s43247-022-00525-3,Springer - Nature Publishing Group,224,1,0
10.1016/j.omtn.2020.07.001,2022-09-02,10.1016/j.omtn.2022.08.035,Elsevier - Cell Press,54,1,0
10.1016/j.neulet.2017.05.015,2022-09-06,10.1016/j.neulet.2022.136867,Elsevier,,0,0
10.1128/jcm.00517-19,2022-09-07,10.1128/jcm.01078-22,American Society for Microbiology,484,1,0
10.1128/jcm.00542-18,2022-09-07,10.1128/jcm.01077-22,American Society for Microbiology,484,1,0
10.1128/jcm.01663-17,2022-09-07,10.1128/jcm.01076-22,American Society for Microbiology,484,1,0
10.1128/jcm.02068-15,2022-09-07,10.1128/jcm.01075-22,American Society for Microbiology,484,1,0
10.1128/aac.02437-14,2022-09-07,10.1128/aac.00783-22,American Society for Microbiology,484,1,0
10.1128/aac.01969-13,2022-09-07,10.1128/aac.00782-22,American Society for Microbiology,484,1,0
10.1128/mra.00223-21,2022-09-07,10.1128/mra.00817-22,American Society for Microbiology,447,1,0
10.1371/journal.pone.0005251,2022-09-09,10.1371/journal.pone.0274661,PLoS,,0,0
10.1093/schbul/sby125,2022-09-09,10.1093/schbul/sbac129,Oxford University Press,,0,0
10.1681/asn.2019101070,2022-09-09,10.1681/asn.2022080927,American Society of Nephrology,173,1,0
10.1061/(asce)sc.1943-5576.0000435,2022-09-10,10.1061/(asce)sc.1943-5576.0000744,American Society of Civil Engineers,,0,0
10.1093/cdn/nzac134,2022-09-12,10.1093/cdn/nzac134,Elsevier,452,1,0
10.1080/17549507.2022.2079723,2022-09-12,10.1080/17549507.2022.2121886,Taylor and Francis,,0,0
10.1155/2019/3291367,2022-09-13,10.1155/2022/9836248,Hindawi,,0,0
10.3390/w14091486,2022-09-14,10.3390/w14182862,MDPI,,0,0
10.1017/ice.2021.253,2022-09-16,10.1017/ice.2022.212,Cambridge University Press,,0,0
10.1017/ice.2020.1316,2022-09-16,10.1017/ice.2022.214,Cambridge University Press,,0,0
10.5152/tud.2022.21259,2022-09-19,10.5152/tud.2022.120922,AVES Yayincilik Ltd,,0,0
10.1007/s11269-021-02891-7,2022-09-20,10.1007/s11269-021-02891-7,Springer,56,1,0
10.1088/1742-6596/1601/3/032003,2022-09-23,10.1088/1742-6596/1601/3/032058,IOP Publishing,,0,0
10.1042/bsr20182376,2022-09-26,10.1042/bsr-2018-2376_eoc,Portland Press,84,1,0
10.1042/bsr20182214,2022-09-26,10.1042/bsr-2018-2214_eoc,Portland Press,45,1,0
10.1242/jcs.115.11.2317,2022-09-26,10.1242/jcs.260575,The Company of Biologists,,0,0
10.1080/13625187.2020.1764528,2022-09-27,10.1080/13625187.2022.2127571,Taylor and Francis,324,1,0
10.1242/jcs.00409,2022-09-29,10.1242/jcs.260640,The Company of Biologists,,0,0
10.1371/journal.pone.0040480,2022-09-29,10.1371/journal.pone.0275601,PLoS,,0,0
10.1140/epjp/s13360-021-02243-9,2022-09-30,10.1140/epjp/s13360-021-02243-9,Springer,327,1,0
10.3389/fenvs.2022.904955,2022-09-30,10.3389/fenvs.2022.1043069,Frontiers,238,1,0
10.1084/jem.20120950,2022-10-03,10.1084/jem.2012095009272022e,Rockefeller University Press,1366,1,0
10.3389/fpsyg.2022.905221,2022-10-05,10.3389/fpsyg.2022.1049195,Frontiers,82,1,0
10.1016/j.cemconcomp.2021.104293,2022-10-05,10.1016/j.conbuildmat.2022.129151,Elsevier,,0,0
10.1371/journal.pbio.1000025,2022-10-05,10.1371/journal.pbio.3001840,PLoS,,0,0
10.1016/j.conbuildmat.2020.120319,2022-10-05,10.1016/j.conbuildmat.2022.129151,Elsevier,,0,0
10.1016/j.cemconcomp.2019.103487,2022-10-05,10.1016/j.conbuildmat.2022.129151,Elsevier,,0,0
10.1016/j.cemconcomp.2020.103557,2022-10-05,10.1016/j.conbuildmat.2022.129151,Elsevier,,0,0
10.1016/j.conbuildmat.2019.05.023,2022-10-05,10.1016/j.conbuildmat.2022.129151,Elsevier,,0,0
10.1016/j.conbuildmat.2019.117767,2022-10-05,10.1016/j.conbuildmat.2022.129151,Elsevier,,0,0
10.1371/journal.pone.0245553,2022-10-07,10.1371/journal.pone.0276113,PLoS,,0,0
10.1371/journal.pone.0248767,2022-10-07,10.1371/journal.pone.0276122,PLoS,,0,0
10.1136/bjsports-41-7-405,2022-10-10,10.1136/bjsports-2022-106408eoc,BMJ Publishing,578,1,0
10.1136/bjsm.2005.025452,2022-10-10,10.1136/bjsports-2022-106408eoc,BMJ Publishing,578,1,0
10.1136/bjsports-40-4-283,2022-10-10,10.1136/bjsports-2022-106408eoc,BMJ Publishing,578,1,0
10.1136/bjsports-41-9-545,2022-10-10,10.1136/bjsports-2022-106408eoc,BMJ Publishing,578,1,0
10.1136/bjsports-40-9-737,2022-10-10,10.1136/bjsports-2022-106408eoc,BMJ Publishing,212,1,0
10.1038/icb.2013.37,2022-10-12,10.1111/imcb.12591,Wiley,,0,0
10.1242/jcs.115.9.1951,2022-10-14,10.1242/jcs.260635,The Company of Biologists,,0,0
10.1016/j.compositesb.2016.03.077,2022-10-15,10.1016/j.compositesb.2022.110364,Elsevier,,0,0
10.1016/j.biopha.2019.108697,2022-10-18,10.1016/j.biopha.2022.113815,Elsevier,246,1,0
10.1016/j.biopha.2018.04.181,2022-10-18,10.1016/j.biopha.2022.113825,Elsevier,246,1,0
10.1016/j.biopha.2017.05.037,2022-10-18,10.1016/j.biopha.2022.113819,Elsevier,403,1,0
10.1016/j.biopha.2017.05.105,2022-10-18,10.1016/j.biopha.2022.113858,Elsevier,351,1,0
10.1016/j.biopha.2017.06.012,2022-10-18,10.1016/j.biopha.2022.113826,Elsevier,351,1,0
10.1016/j.biopha.2018.04.023,2022-10-18,10.1016/j.biopha.2022.113814,Elsevier,157,1,0
10.1016/j.biopha.2016.11.085,2022-10-18,10.1016/j.biopha.2022.113818,Elsevier,203,1,0
10.1016/j.biopha.2016.07.054,2022-10-18,10.1016/j.biopha.2022.113827,Elsevier,203,1,0
10.1016/j.biopha.2017.02.011,2022-10-18,10.1016/j.biopha.2022.113857,Elsevier,203,1,0
10.1016/j.biopha.2018.05.078,2022-10-18,10.1016/j.biopha.2022.113817,Elsevier,160,1,0
10.1016/j.biopha.2019.108683,2022-10-18,10.1016/j.biopha.2022.113824,Elsevier,184,1,0
10.1016/j.biopha.2018.12.067,2022-10-18,10.1016/j.biopha.2022.113856,Elsevier,184,1,0
10.1016/j.biopha.2018.06.003,2022-10-18,10.1016/j.biopha.2022.113854,Elsevier,184,1,0
10.1016/j.biopha.2018.08.122,2022-10-18,10.1016/j.biopha.2022.113828,Elsevier,184,1,0
10.1016/j.biopha.2017.05.071,2022-10-18,10.1016/j.biopha.2022.113855,Elsevier,184,1,0
10.1016/j.biopha.2018.06.172,2022-10-18,10.1016/j.biopha.2022.113812,Elsevier,1,1,0
10.1016/j.biopha.2018.07.024,2022-10-18,10.1016/j.biopha.2022.113813,Elsevier,147,1,0
10.1016/j.biopha.2018.07.116,2022-10-18,10.1016/j.biopha.2022.113822,Elsevier,140,1,0
10.1007/s11010-008-9746-0,2022-10-19,10.1007/s11010-022-04573-3,Springer,,0,0
10.1007/s12010-015-1573-7,2022-10-19,10.1007/s12010-022-04192-0,Springer,,0,0
10.1371/journal.pone.0176555,2022-10-20,10.1371/journal.pone.0276752,PLoS,,0,0
10.1042/bsr20181196,2022-10-26,10.1042/bsr-2018-1196_eoc,Portland Press,82,1,0
10.1042/bsr20181434,2022-10-26,10.1042/bsr-2018-1434_eoc,Portland Press,85,1,0
10.3390/coatings12060816,2022-10-27,10.3390/coatings12111628,MDPI,112,1,0
10.1007/s11095-011-0570-y,2022-10-28,10.1007/s11095-022-03417-5,Springer,,0,0
10.1002/onco.13548,2022-10-31,10.1093/oncolo/oyac221,Oxford University Press,1120,1,0
10.1016/j.biopha.2017.01.106,2022-11-01,10.1016/j.biopha.2022.113823,Elsevier,189,1,0
10.1242/jcs.02868,2022-11-01,10.1242/jcs.260709,The Company of Biologists,,0,0
10.1186/1472-6882-14-38,2022-11-05,10.1186/s12906-022-03771-2,Springer - Biomed Central (BMC),,0,0
10.1080/15384101.2020.1750133,2022-11-08,10.1080/15384101.2022.2137768,Taylor and Francis,,0,0
10.1080/15384101.2020.1749447,2022-11-08,10.1080/15384101.2022.2137767,Taylor and Francis,,0,0
10.1080/15384101.2019.1648959,2022-11-08,10.1080/15384101.2022.2137766,Taylor and Francis,,0,0
10.3109/01443615.2010.497873,2022-11-09,10.1080/01443615.2022.2144523,Taylor and Francis,456,1,0
10.3390/agronomy9110680,2022-11-09,10.3390/agronomy12112779,MDPI,,0,0
10.1042/bsr20190421,2022-11-10,10.1042/bsr-2019-0421_eoc,Portland Press,42,1,0
10.1371/journal.pone.0176008,2022-11-10,10.1371/journal.pone.0277763,PLoS,,0,0
10.1371/journal.pone.0077930,2022-11-10,10.1371/journal.pone.0277782,PLoS,,0,0
10.1097/inf.0000000000002565,2022-11-10,10.1097/inf.0000000000003757,Wolters Kluwer,,0,0
10.1042/bsr20181598,2022-11-10,10.1042/bsr-2018-1598_eoc,Portland Press,42,1,0
10.1042/bsr20150032,2022-11-11,10.1042/bsr-2015-0032_eoc,Portland Press,,0,0
10.1039/d2cp00100d,2022-11-11,10.1039/d2cp90210a,Royal Society of Chemistry (RSC),,0,0
10.1093/nar/gkl1080,2022-11-12,10.1093/nar/gkac1128,Oxford University Press,,0,0
10.1177/1753495x221118168,2022-11-13,10.1177/1753495x221137023,SAGE Publications,,0,0
10.1371/journal.pone.0208450,2022-11-14,10.1371/journal.pone.0277860,PLoS,,0,0
10.1128/mcb.00259-18,2022-11-14,10.1128/mcb.00375-22,American Society for Microbiology,,0,0
10.1039/c9ra10593j,2022-11-15,10.1039/d2ra90118h,Royal Society of Chemistry (RSC),415,1,0
10.1177/2382120520981992,2022-11-17,10.1177/23821205221134265,SAGE Publications,,0,0
10.1042/bsr20171607,2022-11-18,10.1042/bsr-2017-1607-t_eoc,Portland Press,101,1,0
10.1042/bsr20182018,2022-11-18,10.1042/bsr-2018-2018_eoc,Portland Press,101,1,0
10.1126/science.abo1633,2022-11-22,10.1126/science.adf8367,American Association for the Advancement of Science (AAAS),,0,0
10.1371/journal.pbio.1000296,2022-11-23,10.1371/journal.pbio.3001908,PLoS,,0,0
10.1016/s0140-6736(20)32656-8,2022-11-24,10.1016/s0140-6736(22)02370-4,Elsevier,197,1,0
10.1016/j.numecd.2022.01.006,2022-11-24,10.1016/j.numecd.2022.11.011,Elsevier,,0,0
10.1080/15384101.2020.1746490,2022-11-25,10.1080/15384101.2022.2151243,Taylor and Francis,587,1,0
10.1016/j.intimp.2019.105734,2022-11-25,10.1016/j.intimp.2022.109459,Elsevier,,0,0
10.1080/15384101.2020.1717043,2022-11-25,10.1080/15384101.2022.2151241,Taylor and Francis,,0,0
10.1080/15384101.2019.1710916,2022-11-25,10.1080/15384101.2022.2151240,Taylor and Francis,,0,0
10.1080/15384101.2019.1671717,2022-11-25,10.1080/15384101.2022.2151234,Taylor and Francis,,0,0
10.1080/15384101.2019.1669998,2022-11-25,10.1080/15384101.2022.2151235,Taylor and Francis,,0,0
10.1242/jcs.116434,2022-11-28,10.1242/jcs.260726,The Company of Biologists,,0,0
10.1242/jcs.021717,2022-11-28,10.1242/jcs.260725,The Company of Biologists,,0,0
10.1371/journal.pone.0179536,2022-11-28,10.1371/journal.pone.0278502,PLoS,,0,0
10.1093/nar/gki529,2022-11-28,10.1093/nar/gkac1167,Oxford University Press,162,1,0
10.1038/sj.onc.1207153,2022-11-28,10.1038/s41388-022-02552-y,Nature Publishing Group,,0,0
10.1089/neu.2008.0811,2022-11-30,10.1089/neu.2008.0811.expcon,Mary Ann Liebert,,0,0
10.1042/bsr20192598,2022-11-30,10.1042/bsr-2019-2598_eoc,Portland Press,89,1,0
10.1042/bsr20160053,2022-11-30,10.1042/bsr-2016-0053_eoc,Portland Press,50,1,0
10.1093/bioinformatics/btab848,2022-12-01,10.1093/bioinformatics/btac758,Oxford University Press,182,1,0
10.1093/beheco/ary171,2022-12-01,10.1093/beheco/arac108,Oxford University Press,,0,0
10.1016/j.compositesb.2018.01.017,2022-12-01,10.1016/j.compositesb.2022.110363,Elsevier,,0,0
10.1155/2022/3802603,2022-12-01,10.1155/2022/9757014,Hindawi,18,1,0
10.1242/jcs.115.15.3083,2022-12-05,10.1242/jcs.260789,The Company of Biologists,,0,0
10.1242/jcs.00153,2022-12-06,10.1242/jcs.260736,The Company of Biologists,,0,0
10.3109/14767058.2014.892068,2022-12-08,10.1080/14767058.2022.2156860,Taylor and Francis,1218,1,0
10.1371/journal.pntd.0000586,2022-12-09,10.1371/journal.pntd.0010981,PLoS,,0,0
10.1007/s10854-022-09218-1,2022-12-10,10.1007/s10854-022-09390-4,Springer,,0,0
10.1080/14767058.2017.1359828,2022-12-11,10.1080/14767058.2022.2156878,Taylor and Francis,1213,1,0
10.1080/14767058.2017.1387898,2022-12-11,10.1080/14767058.2022.2156897,Taylor and Francis,1213,1,0
10.1080/14767058.2019.1605348,2022-12-11,10.1080/14767058.2022.2156887,Taylor and Francis,,0,0
10.3109/14767058.2015.1011121,2022-12-11,10.1080/14767058.2022.2156874,Taylor and Francis,,0,0
10.1080/14767058.2016.1192601,2022-12-12,10.1080/14767058.2022.2156877,Taylor and Francis,1212,1,0
10.1080/14767058.2018.1491030,2022-12-12,10.1080/14767058.2022.2156903,Taylor and Francis,1212,1,0
10.1371/journal.ppat.1000066,2022-12-13,10.1371/journal.ppat.1011029,PLoS,1246,1,0
10.1371/journal.pntd.0000821,2022-12-13,10.1371/journal.pntd.0010956,PLoS,1260,1,0
10.1371/journal.pone.0048254,2022-12-13,10.1371/journal.pone.0278001,PLoS,1240,1,0
10.1371/journal.pntd.0006397,2022-12-13,10.1371/journal.pntd.0010979,PLoS,1239,1,0
10.1371/journal.pone.0031490,2022-12-13,10.1371/journal.pone.0278662,PLoS,1225,1,0
10.1371/journal.pone.0107533,2022-12-13,10.1371/journal.pone.0279053,PLoS,1238,1,0
10.1371/journal.pone.0217542,2022-12-13,10.1371/journal.pone.0279044,PLoS,1217,1,0
10.1371/journal.pone.0059474,2022-12-13,10.1371/journal.pone.0278014,PLoS,1217,1,0
10.1371/journal.pone.0241407,2022-12-13,10.1371/journal.pone.0279045,PLoS,1213,1,0
10.1371/journal.pntd.0000654,2022-12-13,10.1371/journal.pntd.0010955,PLoS,1213,1,0
10.1371/journal.pone.0040888,2022-12-13,10.1371/journal.pone.0277999,PLoS,1211,1,0
10.1371/journal.pntd.0004155,2022-12-13,10.1371/journal.pntd.0010921,PLoS,1211,1,0
10.1371/journal.pntd.0001403,2022-12-13,10.1371/journal.pntd.0010920,PLoS,926,1,0
10.1371/journal.pone.0106994,2022-12-13,10.1371/journal.pone.0278023,PLoS,1210,1,0
10.1371/journal.pone.0039495,2022-12-13,10.1371/journal.pone.0277635,PLoS,878,1,0
10.1371/journal.pone.0213338,2022-12-13,10.1371/journal.pone.0278363,PLoS,671,1,0
10.1371/journal.pone.0037804,2022-12-13,10.1371/journal.pone.0277634,PLoS,671,1,0
10.1371/journal.pone.0058088,2022-12-13,10.1371/journal.pone.0278004,PLoS,,0,0
10.1371/journal.pone.0054679,2022-12-13,10.1371/journal.pone.0278003,PLoS,671,1,0
10.1371/journal.pone.0084033,2022-12-13,10.1371/journal.pone.0278017,PLoS,671,1,0
10.1371/journal.pone.0051340,2022-12-13,10.1371/journal.pone.0278002,PLoS,671,1,0
10.1371/journal.pone.0045903,2022-12-13,10.1371/journal.pone.0278000,PLoS,671,1,0
10.1371/journal.pone.0058111,2022-12-13,10.1371/journal.pone.0278008,PLoS,,0,0
10.1371/journal.pone.0031744,2022-12-13,10.1371/journal.pone.0278674,PLoS,,0,0
10.1371/journal.pone.0032486,2022-12-13,10.1371/journal.pone.0277633,PLoS,,0,0
10.1371/journal.pntd.0005762,2022-12-13,10.1371/journal.pntd.0010976,PLoS,,0,0
10.1371/journal.pntd.0005397,2022-12-13,10.1371/journal.pntd.0010975,PLoS,,0,0
10.1371/journal.pntd.0001028,2022-12-13,10.1371/journal.pntd.0010958,PLoS,,0,0
10.1371/journal.pntd.0000253,2022-12-13,10.1371/journal.pntd.0010973,PLoS,,0,0
10.1371/journal.pntd.0009184,2022-12-13,10.1371/journal.pntd.0010980,PLoS,,0,0
10.1371/journal.pntd.0006064,2022-12-13,10.1371/journal.pntd.0010978,PLoS,,0,0
10.1371/journal.pntd.0005212,2022-12-13,10.1371/journal.pntd.0010926,PLoS,,0,0
10.1371/journal.pntd.0005142,2022-12-13,10.1371/journal.pntd.0010925,PLoS,,0,0
10.1371/journal.pntd.0009186,2022-12-13,10.1371/journal.pntd.0010923,PLoS,,0,0
10.1371/journal.pntd.0001999,2022-12-13,10.1371/journal.pntd.0010957,PLoS,,0,0
10.1371/journal.pgen.1007569,2022-12-13,10.1371/journal.pgen.1010531,PLoS,,0,0
10.1371/journal.pntd.0006945,2022-12-13,10.1371/journal.pntd.0010922,PLoS,,0,0
10.1371/journal.pntd.0002042,2022-12-13,10.1371/journal.pntd.0010959,PLoS,,0,0
10.1371/journal.pntd.0001652,2022-12-13,10.1371/journal.pntd.0010995,PLoS,,0,0
10.1371/journal.pone.0191913,2022-12-13,10.1371/journal.pone.0278360,PLoS,,0,0
10.1371/journal.pone.0223543,2022-12-13,10.1371/journal.pone.0278361,PLoS,,0,0
10.1371/journal.pone.0061563,2022-12-13,10.1371/journal.pone.0278740,PLoS,,0,0
10.1371/journal.pone.0053335,2022-12-13,10.1371/journal.pone.0278739,PLoS,,0,0
10.1371/journal.pone.0139810,2022-12-13,10.1371/journal.pone.0279054,PLoS,,0,0
10.1371/journal.pone.0230895,2022-12-13,10.1371/journal.pone.0278362,PLoS,,0,0
10.1371/journal.pone.0179528,2022-12-13,10.1371/journal.pone.0279055,PLoS,,0,0
10.1371/journal.pone.0093367,2022-12-13,10.1371/journal.pone.0279052,PLoS,,0,0
10.1371/journal.pone.0010041,2022-12-13,10.1371/journal.pone.0279046,PLoS,,0,0
10.3109/14767058.2016.1154526,2022-12-14,10.1080/14767058.2022.2156876,Taylor and Francis,1212,1,0
10.1177/11786302221103881,2022-12-14,10.1177/11786302221147101,SAGE Publications,,0,0
10.1126/science.1059391,2022-12-15,10.1126/science.adg2852,American Association for the Advancement of Science (AAAS),259,1,0
10.1186/s12943-014-0274-0,2022-12-15,10.1186/s12943-022-01693-8,Springer - Biomed Central (BMC),,0,0
10.1038/s41586-021-04376-4,2022-12-19,10.1038/s41586-021-04376-4,Springer - Nature Publishing Group,273,1,0
10.1371/journal.pone.0126870,2022-12-19,10.1371/journal.pone.0279589,PLoS,,0,0
10.1242/jcs.115.12.2497,2022-12-21,10.1242/jcs.260837,The Company of Biologists,,0,0
10.1371/journal.pone.0146215,2022-12-21,10.1371/journal.pone.0279703,PLoS,,0,0
10.1126/science.1058445,2022-12-23,10.1126/science.adg2860,American Association for the Advancement of Science (AAAS),251,1,0
10.1098/rstb.2020.0455,2022-12-26,10.1098/rstb.2022.0476,Royal Society Publishing,,0,0
10.1007/s11010-006-9228-1,2022-12-27,10.1007/s11010-022-04571-5,Springer,,0,0
10.1177/1533033819846638,2022-12-28,10.1177/15330338221146361,SAGE Publications,,0,0
10.1007/s12083-021-01138-x,2022-12-28,10.1007/s12083-022-01439-9,Springer - Nature Publishing Group,,0,0
10.1159/000493296,2022-12-28,10.33594/000000599,Cellular Physiol Biochem Press,,0,0
10.1371/journal.pone.0191972,2022-12-30,10.1371/journal.pone.0279960,PLoS,,0,0
10.1007/s00404-009-1209-7,2023-01-04,10.1007/s00404-022-06906-5,Springer,,0,0
10.1080/14767058.2018.1481950,2023-01-05,10.1080/14767058.2023.2165427,Taylor and Francis,1194,1,0
10.1016/s0092-8674(00)80804-1,2023-01-05,10.1016/j.cell.2022.12.019,Elsevier - Cell Press,252,1,0
10.1371/journal.pone.0204879,2023-01-05,10.1371/journal.pone.0279946,PLoS,,0,0
10.3389/fmicb.2022.952321,2023-01-05,10.3389/fmicb.2022.1128469,Frontiers,118,1,0
10.1177/1533033820914983,2023-01-09,10.1177/15330338221146023,SAGE Publications,,0,0
10.1016/j.juro.2009.02.121,2023-01-10,10.1097/ju.0000000000003110,Elsevier,,0,0
10.1016/j.juro.2009.01.105,2023-01-10,10.1097/ju.0000000000003111,Elsevier,,0,0
10.1016/j.juro.2012.02.2557,2023-01-10,10.1097/ju.0000000000003145,Elsevier,,0,0
10.1016/j.juro.2012.08.176,2023-01-10,10.1097/ju.0000000000003142,Elsevier,,0,0
10.1016/j.juro.2012.03.131,2023-01-10,10.1097/ju.0000000000003143,Elsevier,,0,0
10.1016/s0022-5347(01)66578-9,2023-01-10,10.1097/ju.0000000000003121,Elsevier,,0,0
10.1016/j.juro.2008.07.034,2023-01-10,10.1097/ju.0000000000003115,Elsevier,,0,0
10.1016/j.juro.2008.10.015,2023-01-10,10.1097/ju.0000000000003113,Elsevier,,0,0
10.1016/j.juro.2008.09.003,2023-01-10,10.1097/ju.0000000000003114,Elsevier,,0,0
10.1016/j.juro.2008.01.103,2023-01-10,10.1097/ju.0000000000003116,Elsevier,,0,0
10.1016/s0022-5347(01)62799-x,2023-01-10,10.1097/ju.0000000000003119,Elsevier,,0,0
10.1016/j.juro.2007.10.063,2023-01-10,10.1097/ju.0000000000003117,Elsevier,,0,0
10.1016/j.juro.2007.05.162,2023-01-10,10.1097/ju.0000000000003118,Elsevier,,0,0
10.1097/00005392-199707000-00016,2023-01-10,10.1097/ju.0000000000003120,Elsevier,,0,0
10.1371/journal.pone.0082523,2023-01-11,10.1371/journal.pone.0279152,PLoS,,0,0
10.1371/journal.pone.0088942,2023-01-11,10.1371/journal.pone.0279153,PLoS,,0,0
10.1371/journal.pone.0069794,2023-01-11,10.1371/journal.pone.0278808,PLoS,,0,0
10.1371/journal.pone.0140750,2023-01-11,10.1371/journal.pone.0279486,PLoS,,0,0
10.1371/journal.pone.0122196,2023-01-11,10.1371/journal.pone.0279456,PLoS,,0,0
10.1371/journal.pone.0199829,2023-01-11,10.1371/journal.pone.0280119,PLoS,,0,0
10.1371/journal.pone.0047396,2023-01-11,10.1371/journal.pone.0278797,PLoS,,0,0
10.1371/journal.pone.0155972,2023-01-11,10.1371/journal.pone.0279799,PLoS,,0,0
10.1371/journal.pone.0111066,2023-01-11,10.1371/journal.pone.0279162,PLoS,,0,0
10.1371/journal.pone.0138423,2023-01-11,10.1371/journal.pone.0279488,PLoS,,0,0
10.1371/journal.pone.0029351,2023-01-11,10.1371/journal.pone.0278795,PLoS,,0,0
10.1371/journal.pone.0212406,2023-01-11,10.1371/journal.pone.0280121,PLoS,,0,0
10.1371/journal.pone.0055466,2023-01-11,10.1371/journal.pone.0278799,PLoS,,0,0
10.1371/journal.pone.0165837,2023-01-11,10.1371/journal.pone.0279804,PLoS,,0,0
10.1371/journal.pone.0070694,2023-01-11,10.1371/journal.pone.0278809,PLoS,,0,0
10.1371/journal.pone.0072312,2023-01-11,10.1371/journal.pone.0279150,PLoS,,0,0
10.1371/journal.pone.0088846,2023-01-11,10.1371/journal.pone.0279154,PLoS,,0,0
10.1371/journal.pone.0245624,2023-01-11,10.1371/journal.pone.0280123,PLoS,,0,0
10.1371/journal.pone.0124818,2023-01-11,10.1371/journal.pone.0279458,PLoS,,0,0
10.1371/journal.pone.0260713,2023-01-11,10.1371/journal.pone.0280125,PLoS,,0,0
10.1371/journal.pone.0098548,2023-01-11,10.1371/journal.pone.0279156,PLoS,,0,0
10.1371/journal.pone.0061107,2023-01-11,10.1371/journal.pone.0278805,PLoS,,0,0
10.1371/journal.pone.0123529,2023-01-11,10.1371/journal.pone.0279459,PLoS,,0,0
10.1371/journal.pone.0280118,2023-01-11,10.1371/journal.pone.0280118,PLoS,,0,0
10.1371/journal.pone.0189006,2023-01-11,10.1371/journal.pone.0280117,PLoS,,0,0
10.1371/journal.pone.0146686,2023-01-11,10.1371/journal.pone.0279797,PLoS,,0,0
10.1371/journal.pone.0154608,2023-01-11,10.1371/journal.pone.0279798,PLoS,,0,0
10.1371/journal.pone.0180475,2023-01-11,10.1371/journal.pone.0279807,PLoS,,0,0
10.1371/journal.pone.0040813,2023-01-11,10.1371/journal.pone.0278796,PLoS,,0,0
10.1371/journal.pone.0106140,2023-01-11,10.1371/journal.pone.0279157,PLoS,,0,0
10.1371/journal.pone.0160910,2023-01-11,10.1371/journal.pone.0279802,PLoS,,0,0
10.1371/journal.pone.0080995,2023-01-11,10.1371/journal.pone.0279151,PLoS,,0,0
10.1371/journal.pone.0159705,2023-01-11,10.1371/journal.pone.0279800,PLoS,,0,0
10.1371/journal.pone.0258364,2023-01-11,10.1371/journal.pone.0280124,PLoS,,0,0
10.1371/journal.pone.0116885,2023-01-11,10.1371/journal.pone.0279173,PLoS,,0,0
10.1371/journal.pone.0096168,2023-01-11,10.1371/journal.pone.0279155,PLoS,,0,0
10.1371/journal.pone.0220413,2023-01-11,10.1371/journal.pone.0280122,PLoS,,0,0
10.1371/journal.pone.0185999,2023-01-11,10.1371/journal.pone.0280115,PLoS,,0,0
10.1371/journal.pone.0174196,2023-01-11,10.1371/journal.pone.0279806,PLoS,,0,0
10.1371/journal.pone.0132640,2023-01-11,10.1371/journal.pone.0279460,PLoS,,0,0
10.1371/journal.pone.0166795,2023-01-11,10.1371/journal.pone.0279805,PLoS,,0,0
10.1371/journal.pone.0134181,2023-01-11,10.1371/journal.pone.0279474,PLoS,,0,0
10.1371/journal.pone.0187307,2023-01-11,10.1371/journal.pone.0280116,PLoS,,0,0
10.1371/journal.pone.0141266,2023-01-11,10.1371/journal.pone.0279487,PLoS,,0,0
10.1371/journal.pone.0163992,2023-01-11,10.1371/journal.pone.0279803,PLoS,,0,0
10.1371/journal.pone.0137610,2023-01-11,10.1371/journal.pone.0279475,PLoS,,0,0
10.1371/journal.pone.0206986,2023-01-11,10.1371/journal.pone.0280120,PLoS,,0,0
10.1371/journal.pone.0263395,2023-01-11,10.1371/journal.pone.0280440,PLoS,,0,0
10.1371/journal.pone.0123688,2023-01-11,10.1371/journal.pone.0279457,PLoS,,0,0
10.1016/j.vph.2018.05.002,2023-01-12,10.1016/j.vph.2023.107142,Elsevier,,0,0
10.1007/s11033-011-0731-4,2023-01-13,10.1007/s11033-022-08097-3,Springer,,0,0
10.1371/journal.pone.0145485,2023-01-17,10.1371/journal.pone.0280713,PLoS,,0,0
10.1371/journal.pone.0181270,2023-01-18,10.1371/journal.pone.0280774,PLoS,,0,0
10.1098/rsob.160247,2023-01-18,10.1098/rsob.230009,Royal Society Publishing,23,1,0
10.1042/bsr20150002,2023-01-19,10.1042/bsr-2015-0002_eoc,Portland Press,77,1,0
10.1042/bsr20160346,2023-01-19,10.1042/bsr-2016-0346_eoc,Portland Press,77,1,0
10.1155/2022/2594564,2023-01-19,10.1155/2023/9798013,Hindawi,,0,0
10.1007/s00345-015-1656-7,2023-01-23,10.1007/s00345-023-04293-3,Springer,,0,0
10.1007/s00221-010-2266-7,2023-01-24,10.1007/s00221-023-06553-5,Springer,,0,0
10.1038/sj.bjp.0705650,2023-01-25,10.1111/bph.16038,Wiley,,0,0
10.1371/journal.pone.0105991,2023-01-26,10.1371/journal.pone.0280980,PLoS,,0,0
10.1039/c7cp04061j,2023-01-27,10.1039/d2cp90241a,Royal Society of Chemistry (RSC),,0,0
10.1016/j.ijgo.2015.09.019,2023-01-28,10.1002/ijgo.14664,Wiley,138,1,0
10.1186/s13099-020-00361-w,2023-01-30,10.1186/s13099-020-00361-w,Springer - Biomed Central (BMC),302,1,0
10.1038/sj.bjp.0707233,2023-01-30,10.1111/bph.16037,Wiley,,0,0
10.1371/journal.pone.0007707,2023-01-31,10.1371/journal.pone.0281409,PLoS,,0,0
10.1039/c8ra03500h,2023-01-31,10.1039/d3ra90011h,Royal Society of Chemistry (RSC),,0,0
10.1098/rspb.2015.2694,2023-02-01,10.1098/rspb.2023.0116,Royal Society Publishing,147,1,0
10.1097/ju.0000000000001322,2023-02-01,10.1097/ju.0000000000003191,Elsevier,,0,0
10.1007/s13659-022-00347-y,2023-02-01,10.1007/s13659-023-00370-7,Springer,,0,0
10.1111/1471-0528.14416,2023-02-06,10.1111/1471-0528.17406,Wiley,,0,0
10.1016/s0140-6736(13)62033-4,2023-02-08,10.1016/s0140-6736(23)00292-1,Elsevier,260,1,0
10.1016/s0140-6736(08)61598-6,2023-02-08,10.1016/s0140-6736(23)00293-3,Elsevier,260,1,0
10.1093/advances/nmab102,2023-02-09,10.1093/advances/nmac080,Elsevier,645,1,0
10.1042/bsr20170837,2023-02-09,10.1042/bsr-2017-0837_eoc,Portland Press,71,1,0
10.1042/bsr20150258,2023-02-09,10.1042/bsr-2015-0258_eoc,Portland Press,71,1,0
10.1042/bsr20171150,2023-02-09,10.1042/bsr-2017-1150_eoc,Portland Press,,0,0
10.1042/bsr20180369,2023-02-09,10.1042/bsr-2018-0369_eoc,Portland Press,56,1,0
10.1093/nar/gki897,2023-02-11,10.1093/nar/gkad113,Oxford University Press,,0,0
10.1096/fj.05-4647fje,2023-02-14,10.1096/fsb2.22795,Wiley,,0,0
10.1371/journal.pone.0120221,2023-02-14,10.1371/journal.pone.0281905,PLoS,,0,0
10.1007/s00464-011-1982-9,2023-02-14,10.1007/s00464-023-09909-8,Springer,,0,0
10.1038/nature03080,2023-02-15,10.1038/nature03080,Springer - Nature Publishing Group,,0,0
10.1111/aogs.12017,2023-02-16,10.1111/aogs.14517,Wiley,,0,0
10.1371/journal.pone.0250091,2023-02-16,10.1371/journal.pone.0282192,PLoS,,0,0
10.1007/s00404-015-3772-4,2023-02-17,10.1007/s00404-023-06978-x,Springer,613,1,0
10.1007/s00404-017-4550-2,2023-02-17,10.1007/s00404-023-06975-0,Springer,,0,0
10.1371/journal.pone.0223971,2023-02-17,10.1371/journal.pone.0282201,PLoS,,0,0
10.1016/j.imlet.2023.01.006,2023-02-20,10.1016/j.imlet.2023.02.004,Elsevier,,0,0
10.1371/journal.pone.0181447,2023-02-21,10.1371/journal.pone.0282230,PLoS,,0,0
10.1371/journal.pone.0128645,2023-02-21,10.1371/journal.pone.0282228,PLoS,,0,0
10.1016/j.mvr.2021.104237,2023-02-21,10.1016/j.mvr.2023.104512,Elsevier,,0,0
10.1016/j.celrep.2022.110301,2023-02-22,10.1016/j.celrep.2023.112154,Elsevier - Cell Press,,0,0
10.1371/journal.pone.0180271,2023-02-22,10.1371/journal.pone.0282229,PLoS,,0,0
10.1177/1535370216681552,2023-02-22,10.1177/15353702231159815,SAGE Publications,,0,0
10.1371/journal.pone.0111575,2023-02-24,10.1371/journal.pone.0282452,PLoS,,0,0
10.1023/a:1010243318426,2023-02-24,10.1007/s10508-023-02540-7,Springer,,0,0
10.1007/s00404-012-2579-9,2023-02-25,10.1007/s00404-023-06971-4,Springer,,0,0
10.1111/cen.13366,2023-02-27,10.1111/cen.14889,Wiley,,0,0
10.1111/cen.12451,2023-02-27,10.1111/cen.14893,Oxford University Press,,0,0
10.1111/cen.13003,2023-02-27,10.1111/cen.14891,Oxford University Press,,0,0
10.1111/jhn.12339,2023-02-27,10.1111/jhn.13156,Wiley,,0,0
10.1111/cen.13288,2023-02-27,10.1111/cen.14890,Wiley,,0,0
10.1111/cen.12840,2023-02-27,10.1111/cen.14892,Wiley,,0,0
10.1159/000477121,2023-02-28,10.33594/000000607,Karger,306,1,0
10.1016/j.cardiores.2006.08.024,2023-03-01,10.1093/cvr/cvad020,Oxford University Press,,0,0
10.1016/s0008-6363(01)00362-5,2023-03-01,10.1093/cvr/cvad019,Oxford University Press,,0,0
10.1016/j.cardiores.2004.03.029,2023-03-01,10.1093/cvr/cvad019,Oxford University Press,,0,0
10.1016/s0008-6363(02)00276-6,2023-03-01,10.1093/cvr/cvad019,Oxford University Press,,0,0
10.1371/journal.pone.0144495,2023-03-02,10.1371/journal.pone.0282770,PLoS,,0,0
10.1155/2020/4251682,2023-03-06,10.1155/2023/9864040,Hindawi,,0,0
10.1016/j.bbalip.2006.09.003,2023-03-11,10.1016/j.bbalip.2023.159309,Elsevier,,0,0
10.1161/circresaha.107.150573,2023-03-13,10.1161/res.0000000000000605,Lippincott Williams and Wilkins,,0,0
10.1161/circresaha.107.163642,2023-03-13,10.1161/res.0000000000000604,Lippincott Williams and Wilkins,,0,0
10.1161/circulationaha.113.007004,2023-03-13,10.1161/cir.0000000000001144,Lippincott Williams and Wilkins,,0,0
10.1039/d1ra00994j,2023-03-14,10.1039/d3ra90018e,Royal Society of Chemistry (RSC),667,1,0
10.1016/s1470-2045(22)00452-1,2023-03-14,10.1016/s1470-2045(23)00111-0,Elsevier,122,1,0
10.1093/nar/gkr730,2023-03-15,10.1093/nar/gkad202,Oxford University Press,,0,0
10.1039/d1ra00223f,2023-03-15,10.1039/d3ra90019c,Royal Society of Chemistry (RSC),,0,0
10.1080/15384101.2019.1629774,2023-03-17,10.1080/15384101.2023.2188817,Taylor and Francis,,0,0
10.1080/15384101.2019.1706921,2023-03-17,10.1080/15384101.2023.2188821,Taylor and Francis,,0,0
10.2466/pms.103.3.974-978,2023-03-18,10.1177/00315125231164820,SAGE Publications,,0,0
10.2466/pms.99.1.34-38,2023-03-18,10.1177/00315125231164820,SAGE Publications,,0,0
10.2466/pms.2002.95.1.208,2023-03-18,10.1177/00315125231164820,SAGE Publications,,0,0
10.2466/pms.106.1.63-66,2023-03-18,10.1177/00315125231164820,SAGE Publications,710,1,0
10.2466/pms.2002.95.2.355,2023-03-18,10.1177/00315125231164820,SAGE Publications,710,1,0
10.2466/pms.104.2.581-588,2023-03-18,10.1177/00315125231164820,SAGE Publications,710,1,0
10.2466/pms.109.3.941-948,2023-03-18,10.1177/00315125231164820,SAGE Publications,710,1,0
10.2466/pms.105.4.1294-1298,2023-03-18,10.1177/00315125231164820,SAGE Publications,710,1,0
10.1103/physrevlett.127.016401,2023-03-20,10.1103/physrevlett.130.129901,American Physical Society,148,1,0
10.1371/journal.pone.0255888,2023-03-20,10.1371/journal.pone.0283509,PLoS,,0,0
10.1177/01455613221088704,2023-03-22,10.1177/01455613221088704,SAGE Publications,,0,0
10.1016/j.biopha.2018.05.131,2023-03-24,10.1016/j.biopha.2023.114564,Elsevier,,0,0
10.2466/07.17.pr0.107.4.145-156,2023-03-28,10.1177/00332941231168281,SAGE Publications,,0,0
10.2466/07.17.pr0.109.5.635-638,2023-03-28,10.1177/00332941231168281,SAGE Publications,,0,0
10.2466/17.07.pr0.113x12z5,2023-03-28,10.1177/00332941231168281,SAGE Publications,,0,0
10.1042/bsr20171082,2023-04-06,10.1042/bsr-2017-1082_eoc,Portland Press,83,1,0
10.1093/nar/gks249,2023-04-11,10.1093/nar/gkad163,Oxford University Press,,0,0
10.1177/0899764012461953,2023-04-12,10.1177/08997640231170042,SAGE Publications,,0,0
10.1371/journal.pone.0253510,2023-04-21,10.1371/journal.pone.0284939,PLoS,,0,0
10.1007/s00101-015-0077-8,2023-04-26,10.1007/s00101-023-01294-0,Springer,238,1,0
10.1159/000484302,2023-04-30,10.33594/000000623,Cellular Physiol Biochem Press,123,1,0
10.1371/journal.pone.0246885,2023-05-01,10.1371/journal.pone.0276871,PLoS,,0,0
10.1016/j.ejogrb.2010.11.015,2023-05-03,10.1016/j.ejogrb.2023.04.026,Elsevier,,0,0
10.1186/s12889-023-15544-8,2023-05-08,10.1186/s12889-023-15544-8,Springer - Biomed Central (BMC),109,1,0
10.1177/0193841x221085355,2023-05-11,10.1177/0193841x231176632,SAGE Publications,,0,0
10.1016/j.ejogrb.2018.06.035,2023-05-16,10.1016/j.ejogrb.2023.05.007,Elsevier,,0,0
10.1177/15593258211013655,2023-05-29,10.1177/15593258231175716,SAGE Publications,,0,0
10.1016/j.humimm.2021.06.011,2023-06-02,10.1016/j.humimm.2023.03.005,Elsevier,,0,0
10.1093/evolut/qpad023,2023-06-03,10.1093/evolut/qpad095,Oxford University Press,703,1,0
10.1111/evo.14496,2023-06-03,10.1093/evolut/qpad094,Oxford University Press,373,1,0
10.1042/bsr20192257,2023-06-05,10.1042/bsr-2019-2257_eoc,Portland Press,520,1,0
10.1086/661890,2023-06-08,10.1093/jcr/ucad037,Oxford University Press,143,1,0
10.1099/jmm.0.000481,2023-06-12,10.1099/jmm.0.000481,Microbiology Society,,0,0
10.1093/chemse/bjac001,2023-06-21,10.1093/chemse/bjad019,Oxford University Press,177,1,0
10.18632/oncotarget.10905,2023-06-26,10.18632/oncotarget.10905,Impact Journals,843,1,0
10.15585/mmwr.mm6947a4,2023-06-30,10.15585/mmwr.mm7226a8,Centers for Disease Control and Prevention,28,1,0
10.1039/d0ob01109f,2023-07-05,10.1039/d3ob90102e,Royal Society of Chemistry (RSC),,0,0
10.1111/iwj.13799,2023-07-12,10.1111/iwj.14303,Wiley,623,1,0
10.1016/s2213-8587(21)00263-1,2023-07-13,10.1016/s2213-8587(23)00198-5,Elsevier,141,1,0
10.1177/23333928211053965,2023-07-25,10.1177/23333928231189400,SAGE Publications,195,1,0
10.1177/0269215513478228,2023-07-27,10.1177/02692155231187750,SAGE Publications,385,1,0
10.1177/0269215513519342,2023-07-27,10.1177/02692155231187750,SAGE Publications,385,1,0
10.1177/0269215517724851,2023-07-27,10.1177/02692155231187750,SAGE Publications,385,1,0
10.1007/s00404-007-0527-x,2023-08-01,10.1007/s00404-023-07159-6,Springer - Nature Publishing Group,,0,0
10.1007/s00404-009-0951-1,2023-08-01,10.1007/s00404-023-07157-8,Springer - Nature Publishing Group,,0,0
10.1007/s00404-010-1370-z,2023-08-01,10.1007/s00404-023-07156-9,Springer - Nature Publishing Group,,0,0
10.1007/s00404-005-0729-z,2023-08-01,10.1007/s00404-023-07158-7,Springer - Nature Publishing Group,,0,0
10.1007/s00404-007-0475-5,2023-08-07,10.1007/s00404-023-07160-z,Springer - Nature Publishing Group,,0,0
10.1038/nature17392,2023-08-07,10.1038/nature17392,Springer - Nature Publishing Group,814,1,0
10.1039/d0nj02132f,2023-08-18,10.1039/d3nj90126b,Royal Society of Chemistry (RSC),,0,0
10.1093/g3journal/jkad063,2023-08-23,10.1093/g3journal/jkad182,Oxford University Press,,0,0
10.1126/science.abh4340,2023-08-24,10.1126/science.adk4448,American Association for the Advancement of Science (AAAS),763,1,0
10.1111/evo.14483,2023-08-29,10.1093/evolut/qpad142,Oxford University Press,87,1,0
10.1016/j.lfs.2023.121591,2023-08-29,10.1016/j.lfs.2023.121870,Elsevier,,0,0
10.1371/journal.pone.0226639,2023-08-30,10.1371/journal.pone.0291080,PLoS,,0,0
10.1098/rsob.190074,2023-08-31,10.1098/rsob.230302,Royal Society Publishing,64,1,0
10.1098/rsob.190286,2023-08-31,10.1098/rsob.230304,Royal Society Publishing,64,1,0
10.1098/rsob.150126,2023-08-31,10.1098/rsob.230300,Royal Society Publishing,64,1,0
10.1098/rsob.150258,2023-08-31,10.1098/rsob.230305,Royal Society Publishing,64,1,0
10.1098/rsob.190095,2023-08-31,10.1098/rsob.230303,Royal Society Publishing,64,1,0
10.1038/s41586-023-05742-0,2023-09-01,10.1038/s41586-023-05742-0,Springer - Nature Publishing Group,67,1,0
10.1016/j.rbmo.2014.03.011,2023-09-04,10.1016/j.rbmo.2022.03.007,Elsevier,2,1,0
10.1016/j.est.2022.104925,2023-09-08,10.1016/j.est.2023.108949,Elsevier,,0,0
10.1016/j.est.2022.104794,2023-09-08,10.1016/j.est.2023.108949,Elsevier,273,1,0
10.1016/j.est.2022.104786,2023-09-08,10.1016/j.est.2023.108949,Elsevier,260,1,0
10.1016/j.est.2021.103621,2023-09-08,10.1016/j.est.2023.108949,Elsevier,260,1,0
10.1016/j.est.2022.105184,2023-09-08,10.1016/j.est.2023.108949,Elsevier,430,1,0
10.1016/j.est.2022.105118,2023-09-08,10.1016/j.est.2023.108949,Elsevier,430,1,0
10.1016/j.est.2021.103684,2023-09-08,10.1016/j.est.2023.108949,Elsevier,430,1,0
10.1016/j.est.2022.104573,2023-09-08,10.1016/j.est.2023.108949,Elsevier,260,1,0
10.1016/j.est.2022.104926,2023-09-08,10.1016/j.est.2023.108949,Elsevier,203,1,0
10.1016/j.est.2022.104874,2023-09-08,10.1016/j.est.2023.108949,Elsevier,203,1,0
10.1016/j.est.2022.104873,2023-09-08,10.1016/j.est.2023.108949,Elsevier,75,1,0
10.1016/j.est.2022.104808,2023-09-08,10.1016/j.est.2023.108949,Elsevier,118,1,0
10.1016/j.est.2022.104682,2023-09-08,10.1016/j.est.2023.108949,Elsevier,203,1,0
10.1016/j.est.2022.104545,2023-09-08,10.1016/j.est.2023.108949,Elsevier,203,1,0
10.1016/j.est.2022.104255,2023-09-08,10.1016/j.est.2023.108949,Elsevier,175,1,0
10.1016/j.est.2022.104204,2023-09-08,10.1016/j.est.2023.108949,Elsevier,203,1,0
10.1016/j.est.2022.104134,2023-09-08,10.1016/j.est.2023.108949,Elsevier,203,1,0
10.1016/j.est.2022.104906,2023-09-08,10.1016/j.est.2023.108949,Elsevier,75,1,0
10.1016/j.est.2021.103553,2023-09-08,10.1016/j.est.2023.108949,Elsevier,110,1,0
10.1039/c7nj01580a,2023-09-19,10.1039/d3nj90145a,Royal Society of Chemistry (RSC),,0,0
10.1093/cvr/cvt113,2023-09-29,10.1093/cvr/cvad134,Oxford University Press,181,1,0
10.1097/eja.0000000000001384,2023-10-01,10.1097/eja.0000000000001900,Wolters Kluwer - Lippincott Williams & Wilkins,95,1,0
10.3758/bf03210739,2023-10-03,10.3758/bf03210739,Springer,,0,0
10.1093/nar/gkn1080,2023-10-04,10.1093/nar/gkad844,Oxford University Press,190,1,0
10.1016/s1074-3804(05)60128-4,2023-10-06,10.1016/j.jmig.2023.08.004,Elsevier,334,1,0
10.1007/s00404-017-4604-5,2023-10-10,10.1007/s00404-023-07236-w,Springer - Nature Publishing Group,,0,0
10.1073/pnas.2300363120,2023-10-17,10.1073/pnas.2316399120,National Academy of Sciences (NAS),147,1,0
10.2337/db12-0339,2023-10-23,10.2337/db23-ec12d,American Diabetes Association,,0,0
10.2337/db05-1147,2023-10-23,10.2337/db23-ec12b,American Diabetes Association,,0,0
10.2337/diabetes.54.4.959,2023-10-23,10.2337/db23-ec12a,American Diabetes Association,,0,0
10.2337/db11-0390,2023-10-23,10.2337/db23-ec12c,American Diabetes Association,,0,0
10.1159/000477297,2023-10-24,10.1159/000534559,Karger,,0,0
10.3389/pore.2023.1611204,2023-11-08,10.3389/pore.2023.1611563,Frontiers,148,1,0
10.1126/sciadv.adf7704,2023-11-08,10.1126/sciadv.adm8238,American Association for the Advancement of Science (AAAS),,0,0
10.1111/j.2044-8341.1988.tb02765.x,2023-11-14,10.1111/papt.12508,Wiley,,0,0
10.1136/bmjopen-2021-058801,2023-11-19,10.1136/bmjopen-2021-058801eoc1,BMJ Publishing,906,1,0
10.1371/journal.pone.0075025,2023-12-05,10.1371/journal.pone.0295638,PLoS,549,1,0
10.1016/j.trim.2022.101708,2023-12-05,10.1016/j.trim.2023.101879,Elsevier,45,1,0
10.1103/physrevlett.126.117003,2023-12-07,10.1103/physrevlett.131.239902,American Physical Society,189,1,0
10.1039/d3ra05513b,2023-12-11,10.1039/d3ra90122j,Royal Society of Chemistry (RSC),156,1,0
10.1039/c9mt00267g,2023-12-18,10.1093/mtomcs/mfad071,Oxford University Press,271,1,0
10.1016/j.heliyon.2022.e09040,2023-12-19,10.1016/j.heliyon.2023.e23703,Elsevier - Cell Press,,0,0
10.1021/ac502705n,2023-12-19,10.1021/acs.analchem.3c05515,American Chemical Society (ACS),273,1,0
10.3390/sym15010219,2023-12-19,10.3390/sym16010006,MDPI,156,1,0
10.3389/fnins.2023.1177044,2024-01-04,10.3389/fnins.2023.1354585,Frontiers,277,1,0
10.26355/eurrev_202312_34687,2024-01-15,10.26355/eurrev_202401_35160,Verduci Editore,91,1,0
10.1002/ecy.2769,2024-01-17,10.1002/ecy.4239,Wiley,,0,0
10.1159/000052906,2024-01-19,10.1159/000535975,Karger,,0,0
10.1093/jas/skac054,2024-01-19,10.1093/jas/skad420,Oxford University Press,122,1,0
10.26355/eurrev_202312_34691,2024-01-30,10.26355/eurrev_202401_35160,Verduci Editore,106,1,0
10.1242/jcs.01661,2024-01-30,10.1242/jcs.261904,The Company of Biologists,,0,0
10.26355/eurrev_202312_34685,2024-01-31,10.26355/eurrev_202401_35160,Verduci Editore,60,1,0
10.1080/20961790.2021.1963514,2024-02-05,10.1093/fsr/owae012,Oxford University Press,100,1,0
10.1093/fsr/owad043,2024-02-06,10.1093/fsr/owae011,Oxford University Press,99,1,0
10.1039/d1nr00388g,2024-02-14,10.1039/d4nr90037e,Royal Society of Chemistry (RSC),180,1,0
10.1371/journal.pone.0119762,2024-02-14,10.1371/journal.pone.0299122,PLoS,,0,0
10.3389/fcell.2023.1339390,2024-02-15,10.3389/fcell.2024.1386660,Frontiers,1,1,0
10.1038/onc.2015.522,2024-02-20,10.1038/s41388-024-02979-5,Springer - Nature Publishing Group,,0,0
10.1016/j.lana.2021.100142,2024-02-22,10.1016/j.lana.2024.100703,Elsevier,607,1,0
10.1038/onc.2008.6,2024-02-28,10.1038/s41388-024-02989-3,Springer - Nature Publishing Group,,0,0
10.1016/s2468-1253(23)00242-x,2024-03-06,10.1016/s2468-1253(24)00039-6,Elsevier,428,1,0
10.1016/j.engfailanal.2021.105457,2024-03-06,10.1016/j.engfailanal.2024.108068,Elsevier,62,1,0
10.1126/sciadv.1701386,2024-03-13,10.1126/sciadv.adp1930,American Association for the Advancement of Science (AAAS),182,1,0
10.1038/srep46581,2024-03-13,10.1038/srep46581,Springer - Nature Publishing Group,62,1,0
10.1039/d2nj05642a,2024-03-21,10.1039/d4nj90041c,Royal Society of Chemistry (RSC),,0,0
10.1016/j.nmni.2023.101188,2024-03-22,10.1016/j.nmni.2024.101240,Elsevier,,0,0
10.1136/bmj.m2651,2024-03-25,10.1136/bmj.q688,BMJ Publishing,205,1,0
10.1016/j.nmni.2020.100655,2024-03-30,10.1016/j.nmni.2024.101252,Elsevier,,0,0
10.1016/j.nmni.2019.100585,2024-03-30,10.1016/j.nmni.2024.101259,Elsevier,,0,0
10.1016/j.nmni.2016.07.010,2024-03-30,10.1016/j.nmni.2024.101272,Elsevier,,0,0
10.1016/j.nmni.2019.01.004,2024-03-30,10.1016/j.nmni.2024.101256,Elsevier,,0,0
10.1016/j.nmni.2016.12.014,2024-03-30,10.1016/j.nmni.2024.101268,Elsevier,,0,0
10.1016/j.nmni.2016.07.012,2024-03-30,10.1016/j.nmni.2024.101267,Elsevier,,0,0
10.1016/j.nmni.2016.06.001,2024-03-30,10.1016/j.nmni.2024.101253,Elsevier,,0,0
10.1016/j.nmni.2016.07.015,2024-03-30,10.1016/j.nmni.2024.101257,Elsevier,,0,0
10.1016/j.nmni.2019.100588,2024-03-30,10.1016/j.nmni.2024.101269,Elsevier,,0,0
10.1016/j.nmni.2018.01.003,2024-03-30,10.1016/j.nmni.2024.101274,Elsevier,,0,0
10.1016/j.nmni.2017.01.003,2024-03-30,10.1016/j.nmni.2024.101258,Elsevier,,0,0
10.1016/j.nmni.2017.01.002,2024-03-30,10.1016/j.nmni.2024.101250,Elsevier,,0,0
10.1016/j.nmni.2018.06.004,2024-03-30,10.1016/j.nmni.2024.101247,Elsevier,,0,0
10.1016/j.nmni.2017.10.001,2024-03-30,10.1016/j.nmni.2024.101271,Elsevier,,0,0
10.1016/j.nmni.2017.03.003,2024-03-30,10.1016/j.nmni.2024.101260,Elsevier,,0,0
10.1016/j.nmni.2016.04.013,2024-03-30,10.1016/j.nmni.2024.101248,Elsevier,,0,0
10.1016/j.nmni.2019.100573,2024-03-30,10.1016/j.nmni.2024.101245,Elsevier,,0,0
10.1016/j.nmni.2016.05.013,2024-03-30,10.1016/j.nmni.2024.101249,Elsevier,,0,0
10.1016/j.nmni.2016.04.007,2024-03-30,10.1016/j.nmni.2024.101254,Elsevier,,0,0
10.1016/j.nmni.2019.100568,2024-03-30,10.1016/j.nmni.2024.101270,Elsevier,,0,0
10.1016/j.nmni.2016.11.010,2024-03-30,10.1016/j.nmni.2024.101246,Elsevier,,0,0
10.1016/j.nmni.2019.100633,2024-03-30,10.1016/j.nmni.2024.101255,Elsevier,,0,0
10.1016/j.nmni.2017.01.011,2024-03-30,10.1016/j.nmni.2024.101265,Elsevier,,0,0
10.1016/j.nmni.2016.11.021,2024-03-30,10.1016/j.nmni.2024.101273,Elsevier,,0,0
10.1016/j.nmni.2016.05.008,2024-03-30,10.1016/j.nmni.2024.101251,Elsevier,,0,0
10.1016/j.nmni.2016.04.003,2024-03-30,10.1016/j.nmni.2024.101266,Elsevier,,0,0
10.1016/j.nmni.2016.05.006,2024-03-31,10.1016/j.nmni.2024.101261,Elsevier,,0,0
10.1016/j.nmni.2015.09.008,2024-03-31,10.1016/j.nmni.2024.101263,Elsevier,,0,0
10.1016/j.nmni.2017.12.007,2024-03-31,10.1016/j.nmni.2024.101264,Elsevier,,0,0
10.1016/j.nmni.2015.09.011,2024-03-31,10.1016/j.nmni.2024.101262,Elsevier,,0,0
10.1016/j.nmni.2018.02.005,2024-04-02,10.1016/j.nmni.2024.101321,Elsevier,,0,0
10.1016/j.nmni.2017.12.005,2024-04-02,10.1016/j.nmni.2024.101309,Elsevier,,0,0
10.1016/j.nmni.2019.100520,2024-04-02,10.1016/j.nmni.2024.101319,Elsevier,,0,0
10.1016/j.nmni.2020.100720,2024-04-02,10.1016/j.nmni.2024.101320,Elsevier,,0,0
10.1016/j.nmni.2019.100548,2024-04-02,10.1016/j.nmni.2024.101316,Elsevier,,0,0
10.1016/j.nmni.2019.100571,2024-04-02,10.1016/j.nmni.2024.101315,Elsevier,,0,0
10.1016/j.nmni.2017.08.007,2024-04-02,10.1016/j.nmni.2024.101318,Elsevier,,0,0
10.1016/j.nmni.2016.07.011,2024-04-02,10.1016/j.nmni.2024.101310,Elsevier,,0,0
10.1016/j.nmni.2016.06.010,2024-04-02,10.1016/j.nmni.2024.101294,Elsevier,,0,0
10.1016/j.nmni.2016.01.002,2024-04-02,10.1016/j.nmni.2024.101314,Elsevier,,0,0
10.1016/j.nmni.2016.09.001,2024-04-02,10.1016/j.nmni.2024.101291,Elsevier,,0,0
10.1016/j.nmni.2017.02.005,2024-04-03,10.1016/j.nmni.2024.101284,Elsevier,,0,0
10.1016/j.nmni.2017.01.008,2024-04-03,10.1016/j.nmni.2024.101333,Elsevier,,0,0
10.1016/j.nmni.2017.01.004,2024-04-03,10.1016/j.nmni.2024.101348,Elsevier,,0,0
10.1016/j.nmni.2016.11.022,2024-04-03,10.1016/j.nmni.2024.101329,Elsevier,,0,0
10.1016/j.nmni.2019.100593,2024-04-03,10.1016/j.nmni.2024.101290,Elsevier,,0,0
10.1016/j.nmni.2016.12.017,2024-04-03,10.1016/j.nmni.2024.101311,Elsevier,,0,0
10.1016/j.nmni.2018.06.002,2024-04-03,10.1016/j.nmni.2024.101325,Elsevier,,0,0
10.1016/j.nmni.2017.08.006,2024-04-03,10.1016/j.nmni.2024.101322,Elsevier,,0,0
10.1016/j.nmni.2017.05.005,2024-04-03,10.1016/j.nmni.2024.101342,Elsevier,,0,0
10.1016/j.nmni.2016.11.024,2024-04-03,10.1016/j.nmni.2024.101304,Elsevier,,0,0
10.1016/j.nmni.2016.09.010,2024-04-03,10.1016/j.nmni.2024.101293,Elsevier,,0,0
10.1016/j.nmni.2016.05.010,2024-04-03,10.1016/j.nmni.2024.101277,Elsevier,,0,0
10.1016/j.nmni.2016.10.005,2024-04-03,10.1016/j.nmni.2024.101330,Elsevier,,0,0
10.1016/j.nmni.2017.05.001,2024-04-03,10.1016/j.nmni.2024.101296,Elsevier,,0,0
10.1016/j.nmni.2018.06.005,2024-04-03,10.1016/j.nmni.2024.101312,Elsevier,,0,0
10.1016/j.nmni.2016.11.023,2024-04-03,10.1016/j.nmni.2024.101282,Elsevier,,0,0
10.1016/j.nmni.2016.09.013,2024-04-03,10.1016/j.nmni.2024.101302,Elsevier,,0,0
10.1016/j.nmni.2017.05.017,2024-04-03,10.1016/j.nmni.2024.101297,Elsevier,,0,0
10.1016/j.nmni.2019.100644,2024-04-03,10.1016/j.nmni.2024.101289,Elsevier,,0,0
10.1016/j.nmni.2016.01.010,2024-04-03,10.1016/j.nmni.2024.101344,Elsevier,,0,0
10.1016/j.nmni.2016.10.006,2024-04-03,10.1016/j.nmni.2024.101340,Elsevier,,0,0
10.1016/j.nmni.2017.06.002,2024-04-03,10.1016/j.nmni.2024.101332,Elsevier,,0,0
10.1016/j.nmni.2017.05.011,2024-04-03,10.1016/j.nmni.2024.101295,Elsevier,,0,0
10.1016/j.nmni.2017.09.001,2024-04-03,10.1016/j.nmni.2024.101279,Elsevier,,0,0
10.1016/j.nmni.2017.02.002,2024-04-03,10.1016/j.nmni.2024.101331,Elsevier,,0,0
10.1016/j.nmni.2017.12.004,2024-04-03,10.1016/j.nmni.2024.101336,Elsevier,,0,0
10.1016/j.nmni.2017.01.005,2024-04-03,10.1016/j.nmni.2024.101298,Elsevier,,0,0
10.1016/j.nmni.2016.05.018,2024-04-03,10.1016/j.nmni.2024.101357,Elsevier,,0,0
10.1016/j.nmni.2021.100850,2024-04-03,10.1016/j.nmni.2024.101341,Elsevier,,0,0
10.1016/j.nmni.2020.100703,2024-04-03,10.1016/j.nmni.2024.101300,Elsevier,,0,0
10.1016/j.nmni.2017.01.009,2024-04-03,10.1016/j.nmni.2024.101313,Elsevier,,0,0
10.1016/j.nmni.2020.100700,2024-04-03,10.1016/j.nmni.2024.101301,Elsevier,,0,0
10.1016/j.nmni.2018.11.005,2024-04-03,10.1016/j.nmni.2024.101285,Elsevier,,0,0
10.1016/j.nmni.2017.03.005,2024-04-03,10.1016/j.nmni.2024.101288,Elsevier,,0,0
10.1016/j.nmni.2016.06.012,2024-04-03,10.1016/j.nmni.2024.101327,Elsevier,,0,0
10.1016/j.nmni.2017.07.001,2024-04-03,10.1016/j.nmni.2024.101335,Elsevier,,0,0
10.1016/j.nmni.2016.11.005,2024-04-03,10.1016/j.nmni.2024.101286,Elsevier,,0,0
10.1016/j.nmni.2016.05.017,2024-04-03,10.1016/j.nmni.2024.101339,Elsevier,,0,0
10.1016/j.nmni.2016.05.007,2024-04-03,10.1016/j.nmni.2024.101323,Elsevier,,0,0
10.1016/j.nmni.2016.11.004,2024-04-03,10.1016/j.nmni.2024.101283,Elsevier,,0,0
10.1016/j.nmni.2016.07.008,2024-04-03,10.1016/j.nmni.2024.101328,Elsevier,,0,0
10.1016/j.nmni.2019.100581,2024-04-03,10.1016/j.nmni.2024.101287,Elsevier,,0,0
10.1016/j.nmni.2020.100799,2024-04-03,10.1016/j.nmni.2024.101299,Elsevier,,0,0
10.1016/j.nmni.2016.07.013,2024-04-03,10.1016/j.nmni.2024.101324,Elsevier,,0,0
10.1016/j.nmni.2019.100598,2024-04-03,10.1016/j.nmni.2024.101280,Elsevier,,0,0
10.1016/j.nmni.2019.100599,2024-04-03,10.1016/j.nmni.2024.101308,Elsevier,,0,0
10.1016/j.nmni.2016.07.005,2024-04-03,10.1016/j.nmni.2024.101337,Elsevier,,0,0
10.1016/j.nmni.2019.100576,2024-04-03,10.1016/j.nmni.2024.101292,Elsevier,,0,0
10.1016/j.nmni.2015.10.009,2024-04-03,10.1016/j.nmni.2024.101326,Elsevier,,0,0
10.1016/j.nmni.2016.11.001,2024-04-03,10.1016/j.nmni.2024.101305,Elsevier,,0,0
10.1016/j.nmni.2017.10.006,2024-04-03,10.1016/j.nmni.2024.101334,Elsevier,,0,0
10.1016/j.nmni.2016.11.018,2024-04-03,10.1016/j.nmni.2024.101281,Elsevier,,0,0
10.1016/j.nmni.2016.03.002,2024-04-03,10.1016/j.nmni.2024.101338,Elsevier,,0,0
10.1016/j.nmni.2019.100586,2024-04-03,10.1016/j.nmni.2024.101307,Elsevier,,0,0
10.1016/j.nmni.2016.12.006,2024-04-03,10.1016/j.nmni.2024.101343,Elsevier,,0,0
10.1016/j.nmni.2016.05.014,2024-04-03,10.1016/j.nmni.2024.101278,Elsevier,,0,0
10.1016/j.nmni.2016.04.014,2024-04-03,10.1016/j.nmni.2024.101276,Elsevier,,0,0
10.1016/j.nmni.2016.02.002,2024-04-03,10.1016/j.nmni.2024.101303,Elsevier,,0,0
10.1016/j.nmni.2016.05.001,2024-04-03,10.1016/j.nmni.2024.101306,Elsevier,,0,0
10.1016/j.nmni.2019.100639,2024-04-04,10.1016/j.nmni.2024.101373,Elsevier,,0,0
10.1016/j.nmni.2017.04.005,2024-04-04,10.1016/j.nmni.2024.101365,Elsevier,,0,0
10.1016/j.nmni.2017.11.009,2024-04-04,10.1016/j.nmni.2024.101361,Elsevier,,0,0
10.1016/j.nmni.2016.05.016,2024-04-04,10.1016/j.nmni.2024.101358,Elsevier,,0,0
10.1016/j.nmni.2016.06.002,2024-04-04,10.1016/j.nmni.2024.101351,Elsevier,,0,0
10.1016/j.nmni.2020.100706,2024-04-04,10.1016/j.nmni.2024.101352,Elsevier,,0,0
10.1016/j.nmni.2017.05.013,2024-04-04,10.1016/j.nmni.2024.101369,Elsevier,,0,0
10.1016/j.nmni.2016.11.017,2024-04-04,10.1016/j.nmni.2024.101353,Elsevier,,0,0
10.1016/j.nmni.2016.11.002,2024-04-04,10.1016/j.nmni.2024.101356,Elsevier,,0,0
10.1016/j.nmni.2019.100610,2024-04-04,10.1016/j.nmni.2024.101370,Elsevier,,0,0
10.1016/j.nmni.2017.10.011,2024-04-04,10.1016/j.nmni.2024.101346,Elsevier,,0,0
10.1016/j.nmni.2016.11.015,2024-04-04,10.1016/j.nmni.2024.101354,Elsevier,,0,0
10.1016/j.nmni.2016.11.013,2024-04-04,10.1016/j.nmni.2024.101363,Elsevier,,0,0
10.1016/j.nmni.2016.01.013,2024-04-04,10.1016/j.nmni.2024.101362,Elsevier,,0,0
10.1016/j.nmni.2016.05.009,2024-04-04,10.1016/j.nmni.2024.101367,Elsevier,,0,0
10.1016/j.nmni.2016.05.019,2024-04-04,10.1016/j.nmni.2024.101375,Elsevier,,0,0
10.1016/j.nmni.2015.09.012,2024-04-04,10.1016/j.nmni.2024.101364,Elsevier,,0,0
10.1016/j.nmni.2016.04.008,2024-04-04,10.1016/j.nmni.2024.101368,Elsevier,,0,0
10.1016/j.nmni.2016.05.003,2024-04-04,10.1016/j.nmni.2024.101349,Elsevier,,0,0
10.1016/j.nmni.2020.100664,2024-04-04,10.1016/j.nmni.2024.101350,Elsevier,,0,0
10.1016/j.nmni.2019.100602,2024-04-04,10.1016/j.nmni.2024.101374,Elsevier,,0,0
10.1016/j.nmni.2019.100592,2024-04-04,10.1016/j.nmni.2024.101345,Elsevier,,0,0
10.1016/j.nmni.2017.07.004,2024-04-04,10.1016/j.nmni.2024.101366,Elsevier,,0,0
10.1016/j.nmni.2016.12.007,2024-04-04,10.1016/j.nmni.2024.101371,Elsevier,,0,0
10.1016/j.nmni.2016.11.008,2024-04-04,10.1016/j.nmni.2024.101355,Elsevier,,0,0
10.1016/j.nmni.2019.100574,2024-04-04,10.1016/j.nmni.2024.101347,Elsevier,,0,0
10.1016/j.nmni.2015.11.002,2024-04-04,10.1016/j.nmni.2024.101359,Elsevier,,0,0
10.1016/j.nmni.2016.12.001,2024-04-04,10.1016/j.nmni.2024.101372,Elsevier,,0,0
10.1016/j.nmni.2015.11.007,2024-04-04,10.1016/j.nmni.2024.101360,Elsevier,,0,0
10.1016/j.nmni.2016.06.008,2024-04-09,10.1016/j.nmni.2024.101377,Elsevier,,0,0
10.1016/j.nmni.2019.100645,2024-04-09,10.1016/j.nmni.2024.101381,Elsevier,,0,0
10.1016/j.nmni.2016.06.013,2024-04-09,10.1016/j.nmni.2024.101383,Elsevier,,0,0
10.1016/j.nmni.2016.12.016,2024-04-09,10.1016/j.nmni.2024.101384,Elsevier,,0,0
10.1016/j.nmni.2016.12.015,2024-04-09,10.1016/j.nmni.2024.101382,Elsevier,,0,0
10.1016/j.nmni.2016.06.009,2024-04-09,10.1016/j.nmni.2024.101378,Elsevier,,0,0
10.1016/j.nmni.2016.06.014,2024-04-09,10.1016/j.nmni.2024.101380,Elsevier,,0,0
10.1016/j.nmni.2017.04.003,2024-04-09,10.1016/j.nmni.2019.100553,Elsevier,,0,0
10.1016/j.nmni.2016.04.001,2024-04-09,10.1016/j.nmni.2024.101385,Elsevier,,0,0
10.1016/j.nmni.2017.01.001,2024-04-09,10.1016/j.nmni.2024.101376,Elsevier,,0,0
10.1016/j.nmni.2020.100718,2024-04-10,10.1016/j.nmni.2024.101397,Elsevier,,0,0
10.1016/j.nmni.2017.02.004,2024-04-10,10.1016/j.nmni.2024.101405,Elsevier,,0,0
10.1016/j.nmni.2016.11.006,2024-04-10,10.1016/j.nmni.2024.101395,Elsevier,,0,0
10.1016/j.nmni.2016.11.003,2024-04-10,10.1016/j.nmni.2024.101386,Elsevier,,0,0
10.1016/j.nmni.2016.12.009,2024-04-10,10.1016/j.nmni.2024.101400,Elsevier,,0,0
10.1016/j.nmni.2017.11.003,2024-04-10,10.1016/j.nmni.2024.101392,Elsevier,,0,0
10.1016/j.nmni.2019.100615,2024-04-10,10.1016/j.nmni.2024.101404,Elsevier,,0,0
10.1016/j.nmni.2018.03.002,2024-04-10,10.1016/j.nmni.2024.101388,Elsevier,,0,0
10.1016/j.nmni.2016.06.011,2024-04-10,10.1016/j.nmni.2024.101408,Elsevier,,0,0
10.1016/j.nmni.2019.100631,2024-04-10,10.1016/j.nmni.2024.101394,Elsevier,,0,0
10.1016/j.nmni.2019.100624,2024-04-10,10.1016/j.nmni.2024.101393,Elsevier,,0,0
10.1016/j.nmni.2016.05.002,2024-04-10,10.1016/j.nmni.2024.101398,Elsevier,,0,0
10.1016/j.nmni.2021.100854,2024-04-10,10.1016/j.nmni.2024.101396,Elsevier,,0,0
10.1016/j.nmni.2019.100575,2024-04-10,10.1016/j.nmni.2024.101409,Elsevier,,0,0
10.1016/j.nmni.2016.07.017,2024-04-10,10.1016/j.nmni.2024.101403,Elsevier,,0,0
10.1007/s11356-018-1784-x,2024-04-10,10.1007/s11356-018-1784-x,Springer,77,1,0
10.1016/j.nmni.2016.05.005,2024-04-10,10.1016/j.nmni.2024.101391,Elsevier,,0,0
10.1016/j.nmni.2019.100601,2024-04-10,10.1016/j.nmni.2024.101407,Elsevier,,0,0
10.1016/j.nmni.2019.100567,2024-04-10,10.1016/j.nmni.2024.101389,Elsevier,,0,0
10.1016/j.nmni.2020.100771,2024-04-10,10.1016/j.nmni.2024.101402,Elsevier,,0,0
10.1016/j.nmni.2016.09.012,2024-04-10,10.1016/j.nmni.2024.101406,Elsevier,,0,0
10.1016/j.nmni.2018.03.006,2024-04-10,10.1016/j.nmni.2024.101390,Elsevier,,0,0
10.1016/j.nmni.2018.10.009,2024-04-10,10.1016/j.nmni.2024.101401,Elsevier,,0,0
10.1016/j.nmni.2016.12.010,2024-04-10,10.1016/j.nmni.2024.101399,Elsevier,,0,0
10.1016/j.nmni.2015.09.014,2024-04-10,10.1016/j.nmni.2024.101411,Elsevier,,0,0
10.1016/j.nmni.2016.09.004,2024-04-10,10.1016/j.nmni.2024.101387,Elsevier,,0,0
10.1016/j.nmni.2019.100541,2024-04-10,10.1016/j.nmni.2024.101410,Elsevier,,0,0
10.1007/s11356-020-11313-x,2024-04-11,10.1007/s11356-020-11313-x,Springer - Nature Publishing Group,292,1,0
10.3390/antibiotics11050667,2024-04-11,10.3390/antibiotics13040353,MDPI,671,1,0
10.1007/s11356-018-1391-x,2024-04-11,10.1007/s11356-018-1391-x,Springer,233,1,0
10.1007/s11356-017-0003-5,2024-04-11,10.1007/s11356-017-0003-5,Springer,208,1,0
10.1016/j.nmni.2016.03.003,2024-04-12,10.1016/j.nmni.2024.101317,Elsevier,,0,0
10.1145/3526219,2024-04-18,10.1145/3526219,Association for Computing Machinery (ACM),,0,0
10.1016/j.enganabound.2022.11.032,2024-04-21,10.1016/j.enganabound.2024.04.016,Elsevier,,0,0
10.1016/j.enganabound.2022.09.027,2024-04-21,10.1016/j.enganabound.2024.04.022,Elsevier,,0,0
10.1016/j.enganabound.2022.08.009,2024-04-21,10.1016/j.enganabound.2024.04.020,Elsevier,,0,0
10.1016/j.enganabound.2022.10.034,2024-04-21,10.1016/j.enganabound.2024.04.029,Elsevier,,0,0
10.1016/j.enganabound.2023.02.038,2024-04-21,10.1016/j.enganabound.2024.04.025,Elsevier,,0,0
10.1016/j.enganabound.2022.08.010,2024-04-21,10.1016/j.enganabound.2024.04.015,Elsevier,,0,0
10.1016/j.enganabound.2023.01.027,2024-04-21,10.1016/j.enganabound.2024.04.027,Elsevier,,0,0
10.1016/j.enganabound.2022.11.020,2024-04-21,10.1016/j.enganabound.2024.04.026,Elsevier,,0,0
10.1016/j.enganabound.2023.03.044,2024-04-21,10.1016/j.enganabound.2024.04.024,Elsevier,,0,0
10.1016/j.enganabound.2023.01.013,2024-04-21,10.1016/j.enganabound.2024.04.028,Elsevier,,0,0
10.1016/j.enganabound.2023.01.019,2024-04-21,10.1016/j.enganabound.2024.04.023,Elsevier,,0,0
10.1016/j.enganabound.2022.08.024,2024-04-21,10.1016/j.enganabound.2024.04.017,Elsevier,,0,0
10.1016/j.enganabound.2022.10.037,2024-04-21,10.1016/j.enganabound.2024.04.021,Elsevier,,0,0
10.1016/j.enganabound.2023.02.055,2024-04-21,10.1016/j.enganabound.2024.04.030,Elsevier,,0,0
10.1016/j.enganabound.2023.02.028,2024-04-21,10.1016/j.enganabound.2024.04.014,Elsevier,,0,0
10.1016/j.enganabound.2022.12.010,2024-04-23,10.1016/j.enganabound.2024.04.042,Elsevier,,0,0
10.1016/j.enganabound.2023.03.004,2024-04-23,10.1016/j.enganabound.2024.04.056,Elsevier,,0,0
10.1016/j.enganabound.2023.05.007,2024-04-23,10.1016/j.enganabound.2024.04.053,Elsevier,,0,0
10.1016/j.enganabound.2023.01.038,2024-04-23,10.1016/j.enganabound.2024.04.052,Elsevier,,0,0
10.1016/j.enganabound.2022.12.020,2024-04-23,10.1016/j.enganabound.2024.04.050,Elsevier,,0,0
10.1016/j.enganabound.2022.08.034,2024-04-23,10.1016/j.enganabound.2024.04.034,Elsevier,,0,0
10.1016/j.enganabound.2022.06.027,2024-04-23,10.1016/j.enganabound.2024.04.038,Elsevier,,0,0
10.1016/j.enganabound.2023.07.037,2024-04-23,10.1016/j.enganabound.2024.04.070,Elsevier,,0,0
10.1016/j.enganabound.2022.11.031,2024-04-23,10.1016/j.enganabound.2024.04.037,Elsevier,,0,0
10.1016/j.enganabound.2022.06.010,2024-04-23,10.1016/j.enganabound.2024.04.041,Elsevier,,0,0
10.1016/j.enganabound.2023.04.039,2024-04-23,10.1016/j.enganabound.2024.04.046,Elsevier,,0,0
10.1016/j.enganabound.2023.09.012,2024-04-23,10.1016/j.enganabound.2024.04.054,Elsevier,,0,0
10.1016/j.enganabound.2023.03.038,2024-04-23,10.1016/j.enganabound.2024.04.069,Elsevier,,0,0
10.1016/j.enganabound.2023.02.050,2024-04-23,10.1016/j.enganabound.2024.04.047,Elsevier,,0,0
10.1016/j.enganabound.2023.08.029,2024-04-23,10.1016/j.enganabound.2024.04.048,Elsevier,,0,0
10.1016/j.enganabound.2022.10.016,2024-04-23,10.1016/j.enganabound.2024.04.033,Elsevier,,0,0
10.1016/j.enganabound.2022.11.018,2024-04-23,10.1016/j.enganabound.2024.04.045,Elsevier,,0,0
10.1016/j.enganabound.2022.11.033,2024-04-23,10.1016/j.enganabound.2024.04.036,Elsevier,,0,0
10.1016/j.enganabound.2023.03.024,2024-04-23,10.1016/j.enganabound.2024.04.032,Elsevier,,0,0
10.1016/j.enganabound.2022.09.022,2024-04-24,10.1016/j.enganabound.2024.04.066,Elsevier,,0,0
10.1016/j.enganabound.2023.02.004,2024-04-24,10.1016/j.enganabound.2024.04.059,Elsevier,,0,0
10.1016/j.enganabound.2023.01.028,2024-04-24,10.1016/j.enganabound.2024.04.055,Elsevier,,0,0
10.1016/j.enganabound.2023.04.027,2024-04-24,10.1016/j.enganabound.2024.105737,Elsevier,,0,0
10.1016/j.enganabound.2023.03.041,2024-04-24,10.1016/j.enganabound.2024.105745,Elsevier,,0,0
10.1016/j.enganabound.2023.01.009,2024-04-24,10.1016/j.enganabound.2024.04.057,Elsevier,,0,0
10.1016/j.enganabound.2023.08.032,2024-04-24,10.1016/j.enganabound.2024.105742,Elsevier,,0,0
10.1016/j.enganabound.2023.04.007,2024-04-24,10.1016/j.enganabound.2024.04.067,Elsevier,,0,0
10.1016/j.enganabound.2022.12.018,2024-04-24,10.1016/j.enganabound.2024.04.040,Elsevier,,0,0
10.1016/j.enganabound.2023.02.019,2024-04-24,10.1016/j.enganabound.2024.105736,Elsevier,,0,0
10.1016/j.enganabound.2023.01.020,2024-04-24,10.1016/j.enganabound.2024.04.062,Elsevier,,0,0
10.1016/j.enganabound.2022.10.007,2024-04-24,10.1016/j.enganabound.2024.04.068,Elsevier,,0,0
10.1016/j.enganabound.2022.12.007,2024-04-24,10.1016/j.enganabound.2024.04.060,Elsevier,,0,0
10.1016/j.enganabound.2023.09.003,2024-04-24,10.1016/j.enganabound.2024.105733,Elsevier,,0,0
10.1016/j.enganabound.2023.03.012,2024-04-24,10.1016/j.enganabound.2024.04.035,Elsevier,,0,0
10.1016/j.enganabound.2023.06.018,2024-04-24,10.1016/j.enganabound.2024.105734,Elsevier,,0,0
10.1016/j.enganabound.2022.12.029,2024-04-24,10.1016/j.enganabound.2024.105743,Elsevier,,0,0
10.1016/j.enganabound.2023.01.003,2024-04-24,10.1016/j.enganabound.2024.04.043,Elsevier,,0,0
10.1016/j.enganabound.2023.01.036,2024-04-24,10.1016/j.enganabound.2024.105744,Elsevier,,0,0
10.1016/j.enganabound.2023.02.020,2024-04-24,10.1016/j.enganabound.2024.04.044,Elsevier,,0,0
10.1016/j.enganabound.2022.06.006,2024-04-24,10.1016/j.enganabound.2024.04.039,Elsevier,,0,0
10.1016/j.enganabound.2022.11.009,2024-04-24,10.1016/j.enganabound.2024.04.031,Elsevier,,0,0
10.1016/j.enganabound.2023.02.011,2024-04-24,10.1016/j.enganabound.2024.04.061,Elsevier,,0,0
10.1016/j.enganabound.2023.05.053,2024-04-24,10.1016/j.enganabound.2024.04.049,Elsevier,,0,0
10.1016/j.enganabound.2022.11.008,2024-04-24,10.1016/j.enganabound.2024.105748,Elsevier,,0,0
10.1016/j.enganabound.2023.09.015,2024-04-24,10.1016/j.enganabound.2024.04.063,Elsevier,,0,0
10.1016/j.enganabound.2022.12.013,2024-04-24,10.1016/j.enganabound.2024.105738,Elsevier,,0,0
10.1016/j.enganabound.2023.05.014,2024-04-24,10.1016/j.enganabound.2024.04.065,Elsevier,,0,0
10.1016/j.enganabound.2023.04.017,2024-04-24,10.1016/j.enganabound.2024.105747,Elsevier,,0,0
10.1016/j.enganabound.2023.09.008,2024-04-24,10.1016/j.enganabound.2024.105739,Elsevier,,0,0
10.1016/j.enganabound.2022.11.017,2024-04-24,10.1016/j.enganabound.2024.04.058,Elsevier,,0,0
10.1016/j.enganabound.2023.08.040,2024-04-24,10.1016/j.enganabound.2024.04.051,Elsevier,,0,0
10.1016/j.enganabound.2023.03.017,2024-04-24,10.1016/j.enganabound.2024.105740,Elsevier,,0,0
10.1016/j.enganabound.2023.05.021,2024-04-24,10.1016/j.enganabound.2024.04.064,Elsevier,,0,0
10.1016/j.enganabound.2023.07.034,2024-04-24,10.1016/j.enganabound.2024.105741,Elsevier,,0,0
10.1016/j.enganabound.2023.05.022,2024-04-25,10.1016/j.enganabound.2024.105749,Elsevier,,0,0
10.1016/j.enganabound.2022.11.023,2024-04-25,10.1016/j.enganabound.2024.105746,Elsevier,,0,0
10.1016/j.enganabound.2022.09.029,2024-04-25,10.1016/j.enganabound.2024.105732,Elsevier,,0,0
10.1016/j.enganabound.2023.06.021,2024-04-25,10.1016/j.enganabound.2024.105735,Elsevier,,0,0
10.1016/j.nmni.2017.11.001,2024-04-29,10.1016/j.nmni.2024.101420,Elsevier,,0,0
10.1051/ocl/2023024,2024-04-30,10.1051/ocl/2024009,EDP Sciences,64,1,0
10.3390/software2030020,2024-05-05,10.3390/software3020011,MDPI,625,1,0
10.3390/math10234471,2024-05-29,10.3390/math12111689,MDPI,168,1,0
10.1093/eurheartj/ehab809,2024-05-31,10.1093/eurheartj/ehae282,Oxford University Press,258,1,0
10.26355/eurrev_201910_19147,2024-05-31,10.26355/eurrev_202405_36273,Verduci Editore,107,1,0
10.1080/15287394.2010.519317,2024-06-01,10.1080/15287394.2010.519317,Taylor and Francis,719,1,0
10.1007/s11250-010-9771-3,2024-06-05,10.1007/s11250-024-03956-6,Springer - Nature Publishing Group,,0,0
10.7759/cureus.57860,2024-06-12,10.7759/cureus.x58,Cureus (Part of Springer Nature as of December 2022),14,1,0
10.1136/bmjph-2023-000282,2024-06-14,10.1136/bmjph-2023-000282eoc,BMJ Publishing,788,1,0
10.1016/j.ejogrb.2014.02.038,2024-06-27,10.1016/j.ejogrb.2024.06.039,Elsevier,,0,0
10.1016/j.ejogrb.2014.09.002,2024-06-29,10.1016/j.ejogrb.2024.06.007,Elsevier,,0,0
10.3389/fbioe.2021.813079,2024-07-02,10.3389/fbioe.2024.1450316,Frontiers,444,1,0
10.1093/mutage/geaa031,2024-07-06,10.1093/mutage/geae016,Oxford University Press,412,1,0
10.1016/j.heliyon.2021.e06692,2024-07-08,10.1016/j.heliyon.2024.e34270,Elsevier - Cell Press,365,1,0
10.1016/j.intimp.2021.107828,2024-07-26,10.1016/j.intimp.2024.112594,Elsevier,,0,0
10.1111/1556-4029.14038,2024-08-12,10.1111/1556-4029.15595,Wiley,,0,0
10.1016/j.astropartphys.2024.103036,2024-09-10,10.1016/j.astropartphys.2024.103048,Elsevier,66,1,0
10.1177/039463200702000320,2024-09-15,10.1177/03946320241265612,SAGE Publications,,0,0
10.1111/jog.13077,2024-09-18,10.1111/jog.16086,Wiley,,0,0
10.1039/d2na00394e,2024-09-18,10.1039/d4na90100b,Royal Society of Chemistry (RSC),,0,0
10.1016/s0306-4522(02)00176-8,2024-09-18,10.1016/j.neuroscience.2024.08.038,Elsevier,,0,0
10.1177/00187267231183852,2024-09-20,10.1177/00187267241280867,SAGE Publications,488,1,0
10.1509/jmkr.45.6.633,2024-09-20,10.1177/00222437241285882,SAGE Publications,,0,0
10.1186/s13036-024-00423-6,2024-09-27,10.1186/s13036-024-00451-2,Springer - Biomed Central (BMC),,0,0
10.1039/c4ra08536a,2024-09-30,10.1039/d4ra90114b,Royal Society of Chemistry (RSC),214,1,0
10.1109/icetce48199.2020.9091737,2024-10-02,unavailable,IEEE: Institute of Electrical and Electronics Engineers,293,1,0
10.1109/iceta.2014.7107596,2024-10-02,10.1109/iceta.2014.7107596,IEEE: Institute of Electrical and Electronics Engineers,,0,0
10.1158/1078-0432.ccr-07-4126,2024-10-15,10.1158/1078-0432.ccr-24-2135,American Association for Cancer Research,,0,0
10.1002/cbin.10470,2024-10-17,10.1002/cbin.12254,Wiley,454,1,0
10.1016/j.jclepro.2020.124781,2024-10-22,10.1016/j.jclepro.2024.144067,Elsevier,56,1,0
10.1016/j.jff.2016.10.031,2024-11-15,10.1016/j.jff.2024.106546,Elsevier,96,1,0
10.1002/cncr.22430,2024-11-19,10.1002/cncr.35645,Wiley,,0,0
10.1093/jbmr/zjae084,2024-11-21,10.1093/jbmr/zjae168,Oxford University Press,68,1,0
10.7717/peerj.8016,2024-11-24,10.7717/peerj.8016,PeerJ,320,1,0
10.1016/j.ijid.2020.08.075,2024-11-28,10.1016/j.ijid.2024.107319,Elsevier,107,1,0
10.1038/sj.bjp.0705419,2024-12-02,10.1111/bph.17421,Wiley,,0,0
10.1016/j.envres.2023.117549,2024-12-02,10.1016/j.envres.2024.120511,Elsevier,24,1,0
10.1039/d1nj04713b,2024-12-05,10.1039/d4nj90170c,Royal Society of Chemistry (RSC),,0,0
10.1126/science.1150034,2024-12-05,10.1126/science.adu7744,American Association for the Advancement of Science (AAAS),,0,0
10.1126/science.1248024,2024-12-05,10.1126/science.adu7951,American Association for the Advancement of Science (AAAS),35,1,0
10.1039/b611735j,2024-12-06,10.1039/d4cp90195a,Royal Society of Chemistry (RSC),,0,0
10.1016/j.envres.2021.111987,2024-12-12,10.1016/j.envres.2024.120628,Elsevier,279,1,0
10.1016/j.envres.2024.119352,2024-12-12,10.1016/j.envres.2024.120620,Elsevier,278,1,0
10.1016/j.envres.2022.112684,2024-12-12,10.1016/j.envres.2024.120629,Elsevier,275,1,0
10.1016/j.envres.2023.117464,2024-12-12,10.1016/j.envres.2024.120626,Elsevier,275,1,0
10.1016/j.envres.2023.115983,2024-12-12,10.1016/j.envres.2024.120623,Elsevier,327,1,0
10.1016/j.envres.2023.116748,2024-12-12,10.1016/j.envres.2024.120624,Elsevier,275,1,0
10.1007/s11010-018-3442-5,2024-12-12,10.1007/s11010-024-05182-y,Springer - Nature Publishing Group,,0,0
10.1371/journal.pone.0073214,2024-12-13,10.1371/journal.pone.0316041,PLoS,109,1,0
10.1016/j.envres.2021.112560,2024-12-19,10.1016/j.envres.2024.120673,Elsevier,275,1,0
10.1016/j.envres.2021.112556,2024-12-19,10.1016/j.envres.2024.120672,Elsevier,272,1,0
10.1016/j.envres.2022.114120,2024-12-19,10.1016/j.envres.2024.120677,Elsevier,310,1,0
10.1016/j.envres.2022.114621,2024-12-19,10.1016/j.envres.2024.120679,Elsevier,295,1,0
10.1016/j.envres.2022.113542,2024-12-19,10.1016/j.envres.2024.120675,Elsevier,285,1,0
10.1016/j.envres.2022.113276,2024-12-25,10.1016/j.envres.2024.120674,Elsevier,278,1,0
10.1016/j.envres.2021.111594,2024-12-28,10.1016/j.envres.2024.120627,Elsevier,265,1,0
10.1016/j.envres.2021.111335,2024-12-28,10.1016/j.envres.2024.120610,Elsevier,264,1,0
10.1016/j.envres.2022.114986,2024-12-28,10.1016/j.envres.2024.120622,Elsevier,265,1,0
10.1016/j.envres.2023.118050,2024-12-28,10.1016/j.envres.2024.120721,Elsevier,437,1,0
10.1016/j.envres.2022.115091,2024-12-28,10.1016/j.envres.2024.120718,Elsevier,311,1,0
10.1016/j.envres.2023.117626,2024-12-28,10.1016/j.envres.2024.120611,Elsevier,261,1,0
10.1016/j.envres.2024.120243,2024-12-28,10.1016/j.envres.2024.120621,Elsevier,196,1,0
10.1016/j.envres.2024.118783,2024-12-28,10.1016/j.envres.2024.120612,Elsevier,161,1,0
10.1016/j.envres.2024.118816,2024-12-28,10.1016/j.envres.2024.120619,Elsevier,130,1,0
10.1016/j.envres.2022.115154,2025-01-01,10.1016/j.envres.2024.120719,Elsevier,275,1,0
10.1177/09603271221084671,2025-01-09,10.1177/09603271241310364,SAGE Publications,119,1,0
10.1111/jog.12296,2025-01-09,10.1111/jog.16211,Wiley,,0,0
10.1039/d4dt00871e,2025-01-10,10.1039/d5dt90010g,Royal Society of Chemistry (RSC),117,1,0
10.3389/fmed.2024.1495428,2025-01-15,10.3389/fmed.2025.1561115,Frontiers,103,1,0
10.1016/j.cjph.2024.02.048,2025-01-16,10.1016/j.cjph.2025.01.031,Elsevier,,0,0
10.1002/mc.20671,2025-01-24,10.1002/mc.23887,Wiley,,0,0
10.1111/j.1349-7006.2011.02131.x,2025-01-24,10.1111/cas.16460,Wiley,,0,0
10.1002/mc.20837,2025-01-27,10.1002/mc.23888,Wiley,,0,0
10.1016/j.envres.2024.119482,2025-01-31,10.1016/j.envres.2024.120723,Elsevier,230,1,0
10.1039/c8ce00362a,2025-02-03,10.1039/d5ce90023a,Royal Society of Chemistry (RSC),157,1,0
10.1016/j.fertnstert.2003.11.041,2025-02-10,10.1016/j.fertnstert.2025.01.025,Elsevier,,0,0
10.1039/c5nj02707a,2025-02-18,10.1039/d5nj90028j,Royal Society of Chemistry (RSC),,0,0
10.1073/pnas.1018601108,2025-02-20,10.1073/pnas.2502439122,National Academy of Sciences (NAS),70,1,0
10.1002/ejoc.200600661,2025-02-28,10.1002/ejoc.202500185,Wiley,,0,0
10.1093/hmg/ddl177,2025-03-24,10.1093/hmg/ddaf039,Oxford University Press,136,1,0
10.1149/1945-7111/ab6f59,2025-03-26,unavailable,IOP Publishing,111,1,0
10.1093/hmg/ddq434,2025-03-28,10.1093/hmg/ddaf041,Oxford University Press,,0,0
10.1016/j.fertnstert.2010.01.069,2025-04-10,10.1016/j.fertnstert.2024.10.035,Elsevier,,0,0
10.1016/j.jcv.2022.105248,2025-04-10,10.1016/j.jcv.2025.105764,Elsevier,35,1,0
10.1038/29093,2025-06-18,10.1038/s41586-025-09239-w,Springer - Nature Publishing Group,,0,0
10.1186/s12884-023-05935-5,2025-06-24,10.1186/s12884-023-05935-5,Springer - Biomed Central (BMC),,0,0
10.3389/fmicb.2021.786233,2025-07-06,10.3389/fmicb.2025.1656738,Frontiers,,0,0
10.3389/fmicb.2020.596180,2025-07-06,10.3389/fmicb.2025.1656750,Frontiers,,0,0
10.3892/ijmm.2015.2198,2025-07-30,10.3892/ijmm.2025.5600,Spandidos,,0,0
10.1080/08989621.2025.2465621,2025-08-01,10.1080/08989621.2025.2465621,Taylor and Francis,207,1,0
10.3892/or.2018.6888,2025-08-08,10.3892/or.2025.8971,Spandidos,,0,0
10.3892/ol.2021.12847,2025-08-11,10.3892/ol.2025.15222,Spandidos,,0,0
10.3892/ijo.2016.3770,2025-08-11,10.3892/ijo.2025.5786,Spandidos,,0,0
10.3390/ani15111642,2025-08-12,10.3390/ani15162365,MDPI,304,1,0
10.3892/etm.2017.5458,2025-08-13,10.3892/etm.2025.12946,Spandidos,,0,0
10.3892/ol.2017.5618,2025-08-13,10.3892/ol.2025.15226,Spandidos,,0,0
10.3892/ol.2016.5281,2025-08-18,10.3892/ol.2025.15232,Spandidos,,0,0
10.3892/ijmm.2012.1002,2025-08-18,10.3892/ijmm.2025.5609,Spandidos,,0,0
10.3892/ijo.2016.3608,2025-08-20,10.3892/ijo.2025.5792,Spandidos,,0,0
10.3892/mmr.2019.10059,2025-08-20,10.3892/mmr.2025.13659,Spandidos,,0,0
10.3892/ol.2015.3991,2025-08-20,10.3892/ol.2025.15236,Spandidos,,0,0
10.1098/rsfs.2017.0054,2025-08-20,10.1098/rsfs.2025.0051,Royal Society Publishing,98,1,0
10.3892/ijo.2016.3537,2025-08-25,10.3892/ijo.2025.5795,Spandidos,,0,0
10.3892/or.2017.6109,2025-08-26,10.3892/or.2025.8979,Spandidos,,0,0
10.3892/ol.2015.3124,2025-08-27,10.3892/ol.2025.15243,Spandidos,,0,0
10.3892/ijmm.2011.682,2025-08-28,10.3892/ijmm.2025.5618,Spandidos,,0,0
10.1177/0146167211398138,2025-08-28,10.1177/01461672251372058,SAGE Publications,,0,0
10.3892/ijmm.2011.806,2025-09-01,10.3892/ijmm.2025.5622,Spandidos,,0,0
10.3892/ijmm.2016.2553,2025-09-04,10.3892/ijmm.2025.5627,Spandidos,81,1,0
10.3892/or.2017.5728,2025-09-04,10.3892/or.2025.8983,Spandidos,,0,0
10.3892/ol.2015.3023,2025-09-08,10.3892/ol.2025.15260,Spandidos,,0,0
10.1016/j.ccell.2014.09.005,2025-09-08,10.1016/j.ccell.2025.07.022,Elsevier - Cell Press,,0,0
10.3892/etm.2015.2530,2025-09-09,10.3892/etm.2025.12967,Spandidos,,0,0
10.3892/mmr.2018.9194,2025-09-10,10.3892/mmr.2025.13679,Spandidos,,0,0
10.3892/mmr.2010.355,2025-09-12,10.3892/mmr.2025.13683,Spandidos,,0,0
10.3892/ijo.2016.3405,2025-09-15,10.3892/ijo.2025.5802,Spandidos,,0,0
10.3892/ol.2015.3030,2025-09-15,10.3892/ol.2025.15269,Spandidos,,0,0
10.1158/0008-5472.can-05-1888,2025-09-15,10.1158/0008-5472.can-25-3499,American Association for Cancer Research,,0,0
10.3892/or.2016.5171,2025-09-16,10.3892/or.2025.8989,Spandidos,,0,0
10.3892/mmr.2012.907,2025-09-18,10.3892/mmr.2025.13688,Spandidos,,0,0
10.3892/or.2013.2728,2025-09-18,10.3892/or.2025.8991,Spandidos,,0,0
10.3892/mmr.2017.7537,2025-09-23,10.3892/mmr.2025.13691,Spandidos,,0,0
10.3892/or.2015.4467,2025-09-25,10.3892/or.2025.8997,Spandidos,,0,0
10.3892/ijo.2016.3445,2025-09-25,10.3892/ijo.2025.5805,Spandidos,,0,0
10.3892/or.2011.1251,2025-09-29,10.3892/or.2025.9001,Spandidos,,0,0
10.3892/ol.2015.2873,2025-10-01,10.3892/ol.2025.15305,Spandidos,,0,0
10.3892/etm.2013.913,2025-10-01,10.3892/etm.2025.12988,Spandidos,,0,0
10.3892/or.2013.2796,2025-10-06,10.3892/or.2025.9004,Spandidos,,0,0
10.5772/59124,2025-10-09,unavailable,Intech,50,1,0
10.3892/ijo_00000570,2025-10-09,10.3892/ijo.2025.5808,Spandidos,,0,0
10.3892/ijo.2013.2157,2025-10-13,10.3892/ijo.2025.5812,Spandidos,,0,0
10.3892/or.2013.2919,2025-10-14,10.3892/or.2025.9006,Spandidos,,0,0
10.3892/or.2014.3045,2025-10-16,10.3892/or.2025.9008,Spandidos,,0,0
10.3892/ijo_00000801,2025-10-23,10.3892/ijo.2025.5814,Spandidos,,0,0
10.3892/ijmm.2020.4807,2025-10-29,10.3892/ijmm.2025.5680,Spandidos,,0,0
10.3389/fpsyg.2025.1675490,2025-10-30,10.3389/fpsyg.2025.1729669,Frontiers,96,1,0
10.3892/ijo.2016.3483,2025-11-04,10.3892/ijo.2025.5816,Spandidos,,0,0
10.3892/ijo.2016.3404,2025-11-10,10.3892/ijo.2025.5818,Spandidos,,0,0
10.1136/bmj-2024-083382,2025-11-12,10.1136/bmj.r2388,BMJ Publishing,139,1,0
10.1016/j.ijgo.2015.05.034,2025-11-14,10.1002/ijgo.70659,Wiley,,0,0
10.3892/ijo.2015.2852,2025-11-18,10.3892/ijo.2025.5820,Spandidos,,0,0
10.3892/etm.2015.2690,2025-11-24,10.3892/etm.2025.13024,Spandidos,,0,0
10.3892/or.19.5.1339,2025-11-24,10.3892/or.2025.9028,Spandidos,,0,0
10.3892/ijo_00000345,2025-12-03,10.3892/ijo.2025.5829,Spandidos,,0,0
10.3892/mmr.2020.11778,2025-12-10,10.3892/mmr.2025.13774,Spandidos,,0,0
10.1016/j.jacadv.2025.101686,2026-01-27,10.1016/j.jacadv.2026.102607,Elsevier,43,1,0
10.1080/09513590600604673,2026-02-01,10.1080/09513590600604673,Taylor and Francis,,0,0
10.1186/1472-6890-12-17,2026-02-11,10.1186/1472-6890-12-17,Springer - Biomed Central (BMC),,0,0
10.1371/journal.pone.0316823,2026-02-12,10.1371/journal.pone.0342733,PLoS,,0,0
10.1371/journal.pone.0313816,2026-02-12,10.1371/journal.pone.0342732,PLoS,,0,0
10.1002/jmv.27789,2026-02-16,10.1002/jmv.70843,Wiley,,0,0
10.1016/j.ejogrb.2018.03.041,2026-02-18,10.1016/j.ejogrb.2026.115029,Elsevier,,0,0
10.1038/s41591-025-04181-w,2026-02-19,10.1038/s41591-025-04181-w,Springer - Nature Publishing Group,125,1,0
10.1038/nature08996,2026-02-24,10.1038/s41586-026-10293-1,Springer - Nature Publishing Group,,0,0
10.1016/s0952-8180(01)00225-2,2026-04-25,10.1016/j.jclinane.2026.112177,Elsevier,,0,0
10.1002/tox.21926,2026-06-29,10.1002/tox.70145,Wiley,,0,0
10.1038/s41586-026-10113-6,2026-07-29,10.1038/s41586-026-10113-6,Springer - Nature Publishing Group,,0,0
